timestamp,strategy,buyorsell,price,twitter_hits,stock_volume,sent_score
2021-01-02 18:00:00+00:00,hodl,buy,0.22286148369312286,,,
2022-07-27 13:00:00+00:00,hodl,sell,0.33972370624542236,,,
2021-01-03 12:00:00+00:00,CEMA,buy,0.22359699010849,,,
2021-01-04 11:00:00+00:00,CEMA,sell,0.23059989511966705,,,
2021-01-04 23:00:00+00:00,CEMA,buy,0.2367275506258011,,,
2021-01-05 04:00:00+00:00,CEMA,sell,0.23012986779212952,,,
2021-01-05 10:00:00+00:00,CEMA,buy,0.2351699024438858,,,
2021-01-05 15:00:00+00:00,CEMA,sell,0.22827552258968353,,,
2021-01-06 08:00:00+00:00,CEMA,buy,0.2273312360048294,,,
2021-01-08 00:00:00+00:00,CEMA,sell,0.3277724087238312,,,
2021-01-08 09:00:00+00:00,CEMA,buy,0.33425623178482056,,,
2021-01-08 15:00:00+00:00,CEMA,sell,0.31449708342552185,,,
2021-01-09 03:00:00+00:00,CEMA,buy,0.32250458002090454,,,
2021-01-10 11:00:00+00:00,CEMA,sell,0.32597482204437256,,,
2021-01-11 22:00:00+00:00,CEMA,buy,0.2864437401294708,,,
2021-01-12 12:00:00+00:00,CEMA,sell,0.29417529702186584,,,
2021-01-12 18:00:00+00:00,CEMA,buy,0.2982271611690521,,,
2021-01-12 23:00:00+00:00,CEMA,sell,0.29269206523895264,,,
2021-01-13 06:00:00+00:00,CEMA,buy,0.2957799732685089,,,
2021-01-14 01:00:00+00:00,CEMA,sell,0.29274868965148926,,,
2021-01-14 14:00:00+00:00,CEMA,buy,0.29862621426582336,,,
2021-01-14 20:00:00+00:00,CEMA,sell,0.2948469817638397,,,
2021-01-15 02:00:00+00:00,CEMA,buy,0.29827719926834106,,,
2021-01-15 04:00:00+00:00,CEMA,sell,0.2931208908557892,,,
2021-01-16 01:00:00+00:00,CEMA,buy,0.28227919340133667,,,
2021-01-16 05:00:00+00:00,CEMA,sell,0.27824318408966064,,,
2021-01-16 07:00:00+00:00,CEMA,buy,0.2816026508808136,,,
2021-01-16 18:00:00+00:00,CEMA,sell,0.2824970483779907,,,
2021-01-17 17:00:00+00:00,CEMA,buy,0.2766878604888916,,,
2021-01-18 03:00:00+00:00,CEMA,sell,0.2735035717487335,,,
2021-01-18 08:00:00+00:00,CEMA,buy,0.28241339325904846,,,
2021-01-18 18:00:00+00:00,CEMA,sell,0.2793722152709961,,,
2021-01-18 22:00:00+00:00,CEMA,buy,0.2831120789051056,,,
2021-01-19 18:00:00+00:00,CEMA,sell,0.2971923351287842,,,
2021-01-20 19:00:00+00:00,CEMA,buy,0.2915743589401245,,,
2021-01-21 08:00:00+00:00,CEMA,sell,0.28761109709739685,,,
2021-01-22 11:00:00+00:00,CEMA,buy,0.2703370451927185,,,
2021-01-23 10:00:00+00:00,CEMA,sell,0.27260762453079224,,,
2021-01-24 02:00:00+00:00,CEMA,buy,0.27238330245018005,,,
2021-01-24 14:00:00+00:00,CEMA,sell,0.27342256903648376,,,
2021-01-25 00:00:00+00:00,CEMA,buy,0.2767077684402466,,,
2021-01-25 10:00:00+00:00,CEMA,sell,0.2745618522167206,,,
2021-01-25 14:00:00+00:00,CEMA,buy,0.2780042588710785,,,
2021-01-25 17:00:00+00:00,CEMA,sell,0.2745318114757538,,,
2021-01-26 19:00:00+00:00,CEMA,buy,0.2672523856163025,,,
2021-01-27 03:00:00+00:00,CEMA,sell,0.2653941512107849,,,
2021-01-27 22:00:00+00:00,CEMA,buy,0.25380825996398926,,,
2021-01-27 23:00:00+00:00,CEMA,sell,0.25194430351257324,,,
2021-01-28 03:00:00+00:00,CEMA,buy,0.25636646151542664,,,
2021-01-29 20:00:00+00:00,CEMA,sell,0.2816299796104431,,,
2021-01-29 21:00:00+00:00,CEMA,buy,0.287466436624527,,,
2021-01-29 23:00:00+00:00,CEMA,sell,0.28219255805015564,,,
2021-01-30 00:00:00+00:00,CEMA,buy,0.29382526874542236,,,
2021-01-31 18:00:00+00:00,CEMA,sell,0.44452324509620667,,,
2021-01-31 21:00:00+00:00,CEMA,buy,0.4793555736541748,,,
2021-02-01 14:00:00+00:00,CEMA,sell,0.4400879442691803,,,
2021-02-02 11:00:00+00:00,CEMA,buy,0.3919982314109802,,,
2021-02-02 18:00:00+00:00,CEMA,sell,0.37052077054977417,,,
2021-02-03 01:00:00+00:00,CEMA,buy,0.3842148780822754,,,
2021-02-03 11:00:00+00:00,CEMA,sell,0.373791366815567,,,
2021-02-03 16:00:00+00:00,CEMA,buy,0.3914589583873749,,,
2021-02-04 04:00:00+00:00,CEMA,sell,0.3843829035758972,,,
2021-02-04 08:00:00+00:00,CEMA,buy,0.38932305574417114,,,
2021-02-04 09:00:00+00:00,CEMA,sell,0.38433435559272766,,,
2021-02-04 13:00:00+00:00,CEMA,buy,0.39101850986480713,,,
2021-02-05 09:00:00+00:00,CEMA,sell,0.42813849449157715,,,
2021-02-05 14:00:00+00:00,CEMA,buy,0.4432511627674103,,,
2021-02-05 19:00:00+00:00,CEMA,sell,0.43792930245399475,,,
2021-02-05 23:00:00+00:00,CEMA,buy,0.4499983489513397,,,
2021-02-06 01:00:00+00:00,CEMA,sell,0.42946749925613403,,,
2021-02-06 14:00:00+00:00,CEMA,buy,0.44042354822158813,,,
2021-02-07 00:00:00+00:00,CEMA,sell,0.4402725398540497,,,
2021-02-07 11:00:00+00:00,CEMA,buy,0.4357503056526184,,,
2021-02-07 14:00:00+00:00,CEMA,sell,0.42835095524787903,,,
2021-02-08 05:00:00+00:00,CEMA,buy,0.4262547791004181,,,
2021-02-09 12:00:00+00:00,CEMA,sell,0.4554281234741211,,,
2021-02-09 18:00:00+00:00,CEMA,buy,0.4723188579082489,,,
2021-02-10 15:00:00+00:00,CEMA,sell,0.48002558946609497,,,
2021-02-10 23:00:00+00:00,CEMA,buy,0.5025264620780945,,,
2021-02-13 10:00:00+00:00,CEMA,sell,0.5848209261894226,,,
2021-02-13 17:00:00+00:00,CEMA,buy,0.6013579368591309,,,
2021-02-14 04:00:00+00:00,CEMA,sell,0.6100122332572937,,,
2021-02-14 21:00:00+00:00,CEMA,buy,0.6046623587608337,,,
2021-02-15 01:00:00+00:00,CEMA,sell,0.5714240670204163,,,
2021-02-15 12:00:00+00:00,CEMA,buy,0.5742630958557129,,,
2021-02-15 22:00:00+00:00,CEMA,sell,0.5638903975486755,,,
2021-02-16 04:00:00+00:00,CEMA,buy,0.5735783576965332,,,
2021-02-16 07:00:00+00:00,CEMA,sell,0.5609287619590759,,,
2021-02-17 08:00:00+00:00,CEMA,buy,0.5279496908187866,,,
2021-02-18 10:00:00+00:00,CEMA,sell,0.5376755595207214,,,
2021-02-18 21:00:00+00:00,CEMA,buy,0.5414816737174988,,,
2021-02-18 23:00:00+00:00,CEMA,sell,0.5326199531555176,,,
2021-02-19 07:00:00+00:00,CEMA,buy,0.5388568043708801,,,
2021-02-20 11:00:00+00:00,CEMA,sell,0.563118577003479,,,
2021-02-21 10:00:00+00:00,CEMA,buy,0.537883460521698,,,
2021-02-22 00:00:00+00:00,CEMA,sell,0.5349470973014832,,,
2021-02-22 05:00:00+00:00,CEMA,buy,0.6313378810882568,,,
2021-02-22 15:00:00+00:00,CEMA,sell,0.555496335029602,,,
2021-02-22 17:00:00+00:00,CEMA,buy,0.5812835693359375,,,
2021-02-22 23:00:00+00:00,CEMA,sell,0.5724235773086548,,,
2021-02-23 23:00:00+00:00,CEMA,buy,0.47327008843421936,,,
2021-02-24 13:00:00+00:00,CEMA,sell,0.4747047424316406,,,
2021-02-25 01:00:00+00:00,CEMA,buy,0.47606608271598816,,,
2021-02-25 09:00:00+00:00,CEMA,sell,0.46063804626464844,,,
2021-02-25 13:00:00+00:00,CEMA,buy,0.47298741340637207,,,
2021-02-25 17:00:00+00:00,CEMA,sell,0.465122252702713,,,
2021-02-26 14:00:00+00:00,CEMA,buy,0.43656012415885925,,,
2021-02-26 21:00:00+00:00,CEMA,sell,0.4247329831123352,,,
2021-02-27 01:00:00+00:00,CEMA,buy,0.44026055932044983,,,
2021-02-27 10:00:00+00:00,CEMA,sell,0.4357495605945587,,,
2021-02-27 12:00:00+00:00,CEMA,buy,0.44342440366744995,,,
2021-02-27 23:00:00+00:00,CEMA,sell,0.43789368867874146,,,
2021-02-28 21:00:00+00:00,CEMA,buy,0.41903868317604065,,,
2021-03-02 06:00:00+00:00,CEMA,sell,0.4337944984436035,,,
2021-03-02 11:00:00+00:00,CEMA,buy,0.4429033696651459,,,
2021-03-02 16:00:00+00:00,CEMA,sell,0.4294200837612152,,,
2021-03-03 01:00:00+00:00,CEMA,buy,0.4375644326210022,,,
2021-03-03 19:00:00+00:00,CEMA,sell,0.44697296619415283,,,
2021-03-04 00:00:00+00:00,CEMA,buy,0.45251399278640747,,,
2021-03-04 04:00:00+00:00,CEMA,sell,0.4381410777568817,,,
2021-03-04 08:00:00+00:00,CEMA,buy,0.4622926414012909,,,
2021-03-05 01:00:00+00:00,CEMA,sell,0.4548412561416626,,,
2021-03-05 14:00:00+00:00,CEMA,buy,0.4633450508117676,,,
2021-03-05 16:00:00+00:00,CEMA,sell,0.45584556460380554,,,
2021-03-05 20:00:00+00:00,CEMA,buy,0.4633634686470032,,,
2021-03-06 00:00:00+00:00,CEMA,sell,0.4583333432674408,,,
2021-03-06 03:00:00+00:00,CEMA,buy,0.4688182473182678,,,
2021-03-06 12:00:00+00:00,CEMA,sell,0.4583331346511841,,,
2021-03-06 21:00:00+00:00,CEMA,buy,0.4614062011241913,,,
2021-03-07 15:00:00+00:00,CEMA,sell,0.46396005153656006,,,
2021-03-07 17:00:00+00:00,CEMA,buy,0.46690690517425537,,,
2021-03-07 18:00:00+00:00,CEMA,sell,0.46338850259780884,,,
2021-03-08 00:00:00+00:00,CEMA,buy,0.47043928503990173,,,
2021-03-08 07:00:00+00:00,CEMA,sell,0.4625590145587921,,,
2021-03-08 09:00:00+00:00,CEMA,buy,0.4744260013103485,,,
2021-03-08 23:00:00+00:00,CEMA,sell,0.47353073954582214,,,
2021-03-09 02:00:00+00:00,CEMA,buy,0.4801536202430725,,,
2021-03-09 15:00:00+00:00,CEMA,sell,0.4786214530467987,,,
2021-03-09 20:00:00+00:00,CEMA,buy,0.481035053730011,,,
2021-03-10 02:00:00+00:00,CEMA,sell,0.4694632291793823,,,
2021-03-11 14:00:00+00:00,CEMA,buy,0.45567214488983154,,,
2021-03-11 17:00:00+00:00,CEMA,sell,0.452929824590683,,,
2021-03-11 20:00:00+00:00,CEMA,buy,0.4544162452220917,,,
2021-03-12 00:00:00+00:00,CEMA,sell,0.4513291120529175,,,
2021-03-12 01:00:00+00:00,CEMA,buy,0.45772841572761536,,,
2021-03-12 10:00:00+00:00,CEMA,sell,0.45178738236427307,,,
2021-03-13 05:00:00+00:00,CEMA,buy,0.44283735752105713,,,
2021-03-14 01:00:00+00:00,CEMA,sell,0.4549328088760376,,,
2021-03-15 14:00:00+00:00,CEMA,buy,0.4392658770084381,,,
2021-03-16 00:00:00+00:00,CEMA,sell,0.4328264594078064,,,
2021-03-16 03:00:00+00:00,CEMA,buy,0.461221307516098,,,
2021-03-16 17:00:00+00:00,CEMA,sell,0.4568561315536499,,,
2021-03-17 01:00:00+00:00,CEMA,buy,0.4735267758369446,,,
2021-03-17 08:00:00+00:00,CEMA,sell,0.46460479497909546,,,
2021-03-17 16:00:00+00:00,CEMA,buy,0.4723876118659973,,,
2021-03-18 10:00:00+00:00,CEMA,sell,0.47528114914894104,,,
2021-03-18 12:00:00+00:00,CEMA,buy,0.48223385214805603,,,
2021-03-18 13:00:00+00:00,CEMA,sell,0.4628128111362457,,,
2021-03-18 15:00:00+00:00,CEMA,buy,0.4801548719406128,,,
2021-03-18 21:00:00+00:00,CEMA,sell,0.4747493863105774,,,
2021-03-19 06:00:00+00:00,CEMA,buy,0.47569766640663147,,,
2021-03-19 08:00:00+00:00,CEMA,sell,0.47252926230430603,,,
2021-03-19 10:00:00+00:00,CEMA,buy,0.4749704599380493,,,
2021-03-19 14:00:00+00:00,CEMA,sell,0.4736330807209015,,,
2021-03-20 01:00:00+00:00,CEMA,buy,0.4740299880504608,,,
2021-03-21 07:00:00+00:00,CEMA,sell,0.5195490121841431,,,
2021-03-21 20:00:00+00:00,CEMA,buy,0.5144745707511902,,,
2021-03-22 22:00:00+00:00,CEMA,sell,0.5605194568634033,,,
2021-03-23 01:00:00+00:00,CEMA,buy,0.593914806842804,,,
2021-03-23 06:00:00+00:00,CEMA,sell,0.5577366352081299,,,
2021-03-23 09:00:00+00:00,CEMA,buy,0.5855242609977722,,,
2021-03-23 14:00:00+00:00,CEMA,sell,0.5725977420806885,,,
2021-03-24 08:00:00+00:00,CEMA,buy,0.5604842901229858,,,
2021-03-24 16:00:00+00:00,CEMA,sell,0.5493601560592651,,,
2021-03-25 09:00:00+00:00,CEMA,buy,0.5084612369537354,,,
2021-03-25 15:00:00+00:00,CEMA,sell,0.4942835867404938,,,
2021-03-25 18:00:00+00:00,CEMA,buy,0.5110500454902649,,,
2021-03-27 08:00:00+00:00,CEMA,sell,0.5549341440200806,,,
2021-03-27 18:00:00+00:00,CEMA,buy,0.5584855675697327,,,
2021-03-28 01:00:00+00:00,CEMA,sell,0.554248034954071,,,
2021-03-28 05:00:00+00:00,CEMA,buy,0.5585170984268188,,,
2021-03-28 11:00:00+00:00,CEMA,sell,0.5522012710571289,,,
2021-03-29 01:00:00+00:00,CEMA,buy,0.5568975210189819,,,
2021-03-29 15:00:00+00:00,CEMA,sell,0.5577906370162964,,,
2021-03-29 17:00:00+00:00,CEMA,buy,0.5672740340232849,,,
2021-03-30 14:00:00+00:00,CEMA,sell,0.5673829317092896,,,
2021-03-31 18:00:00+00:00,CEMA,buy,0.557481050491333,,,
2021-04-01 10:00:00+00:00,CEMA,sell,0.570374608039856,,,
2021-04-01 20:00:00+00:00,CEMA,buy,0.5727981328964233,,,
2021-04-03 16:00:00+00:00,CEMA,sell,0.6199904084205627,,,
2021-04-04 09:00:00+00:00,CEMA,buy,0.6097201108932495,,,
2021-04-07 06:00:00+00:00,CEMA,sell,0.9645728468894958,,,
2021-04-08 01:00:00+00:00,CEMA,buy,0.9396217465400696,,,
2021-04-09 08:00:00+00:00,CEMA,sell,0.9980648756027222,,,
2021-04-09 17:00:00+00:00,CEMA,buy,1.0317490100860596,,,
2021-04-11 11:00:00+00:00,CEMA,sell,1.3653054237365723,,,
2021-04-11 20:00:00+00:00,CEMA,buy,1.3913562297821045,,,
2021-04-12 00:00:00+00:00,CEMA,sell,1.3372304439544678,,,
2021-04-12 07:00:00+00:00,CEMA,buy,1.401222825050354,,,
2021-04-12 17:00:00+00:00,CEMA,sell,1.3613193035125732,,,
2021-04-12 18:00:00+00:00,CEMA,buy,1.3750579357147217,,,
2021-04-14 10:00:00+00:00,CEMA,sell,1.8234506845474243,,,
2021-04-14 22:00:00+00:00,CEMA,buy,1.8014235496520996,,,
2021-04-15 04:00:00+00:00,CEMA,sell,1.7423237562179565,,,
2021-04-15 16:00:00+00:00,CEMA,buy,1.7642035484313965,,,
2021-04-16 02:00:00+00:00,CEMA,sell,1.7168821096420288,,,
2021-04-16 17:00:00+00:00,CEMA,buy,1.683902621269226,,,
2021-04-16 22:00:00+00:00,CEMA,sell,1.5852924585342407,,,
2021-04-17 05:00:00+00:00,CEMA,buy,1.650858759880066,,,
2021-04-17 11:00:00+00:00,CEMA,sell,1.5990242958068848,,,
2021-04-18 18:00:00+00:00,CEMA,buy,1.318658471107483,,,
2021-04-19 10:00:00+00:00,CEMA,sell,1.3700740337371826,,,
2021-04-20 11:00:00+00:00,CEMA,buy,1.32053542137146,,,
2021-04-21 09:00:00+00:00,CEMA,sell,1.3794645071029663,,,
2021-04-21 16:00:00+00:00,CEMA,buy,1.3771439790725708,,,
2021-04-21 17:00:00+00:00,CEMA,sell,1.3660197257995605,,,
2021-04-22 13:00:00+00:00,CEMA,buy,1.3069473505020142,,,
2021-04-22 20:00:00+00:00,CEMA,sell,1.2532731294631958,,,
2021-04-23 12:00:00+00:00,CEMA,buy,1.0793819427490234,,,
2021-04-24 10:00:00+00:00,CEMA,sell,1.0660953521728516,,,
2021-04-24 21:00:00+00:00,CEMA,buy,1.0947986841201782,,,
2021-04-24 22:00:00+00:00,CEMA,sell,1.0664535760879517,,,
2021-04-25 12:00:00+00:00,CEMA,buy,1.0838980674743652,,,
2021-04-25 20:00:00+00:00,CEMA,sell,1.0303910970687866,,,
2021-04-26 02:00:00+00:00,CEMA,buy,1.1299052238464355,,,
2021-04-27 14:00:00+00:00,CEMA,sell,1.3888449668884277,,,
2021-04-27 21:00:00+00:00,CEMA,buy,1.4182904958724976,,,
2021-04-28 04:00:00+00:00,CEMA,sell,1.390583872795105,,,
2021-04-28 19:00:00+00:00,CEMA,buy,1.3773328065872192,,,
2021-04-29 16:00:00+00:00,CEMA,sell,1.37108314037323,,,
2021-04-30 00:00:00+00:00,CEMA,buy,1.380642294883728,,,
2021-05-01 07:00:00+00:00,CEMA,sell,1.5647940635681152,,,
2021-05-01 19:00:00+00:00,CEMA,buy,1.5800018310546875,,,
2021-05-02 05:00:00+00:00,CEMA,sell,1.5818006992340088,,,
2021-05-02 18:00:00+00:00,CEMA,buy,1.5877243280410767,,,
2021-05-02 22:00:00+00:00,CEMA,sell,1.5580599308013916,,,
2021-05-03 01:00:00+00:00,CEMA,buy,1.5932549238204956,,,
2021-05-03 11:00:00+00:00,CEMA,sell,1.5942801237106323,,,
2021-05-04 22:00:00+00:00,CEMA,buy,1.4279344081878662,,,
2021-05-05 06:00:00+00:00,CEMA,sell,1.4168754816055298,,,
2021-05-05 07:00:00+00:00,CEMA,buy,1.4524016380310059,,,
2021-05-06 09:00:00+00:00,CEMA,sell,1.6468939781188965,,,
2021-05-06 10:00:00+00:00,CEMA,buy,1.6741375923156738,,,
2021-05-06 12:00:00+00:00,CEMA,sell,1.6455888748168945,,,
2021-05-06 13:00:00+00:00,CEMA,buy,1.6647123098373413,,,
2021-05-06 18:00:00+00:00,CEMA,sell,1.5894590616226196,,,
2021-05-07 12:00:00+00:00,CEMA,buy,1.6549339294433594,,,
2021-05-07 20:00:00+00:00,CEMA,sell,1.6002604961395264,,,
2021-05-08 09:00:00+00:00,CEMA,buy,1.6035391092300415,,,
2021-05-08 12:00:00+00:00,CEMA,sell,1.5811904668807983,,,
2021-05-09 20:00:00+00:00,CEMA,buy,1.53189218044281,,,
2021-05-10 12:00:00+00:00,CEMA,sell,1.5551679134368896,,,
2021-05-11 09:00:00+00:00,CEMA,buy,1.4560445547103882,,,
2021-05-12 08:00:00+00:00,CEMA,sell,1.4753683805465698,,,
2021-05-14 00:00:00+00:00,CEMA,buy,1.36253821849823,,,
2021-05-14 20:00:00+00:00,CEMA,sell,1.3603804111480713,,,
2021-05-15 02:00:00+00:00,CEMA,buy,1.4093949794769287,,,
2021-05-15 06:00:00+00:00,CEMA,sell,1.368855595588684,,,
2021-05-15 14:00:00+00:00,CEMA,buy,1.4935052394866943,,,
2021-05-16 12:00:00+00:00,CEMA,sell,1.5214637517929077,,,
2021-05-17 07:00:00+00:00,CEMA,buy,1.457060694694519,,,
2021-05-18 16:00:00+00:00,CEMA,sell,1.5771112442016602,,,
2021-05-18 17:00:00+00:00,CEMA,buy,1.599230170249939,,,
2021-05-18 18:00:00+00:00,CEMA,sell,1.562178134918213,,,
2021-05-18 20:00:00+00:00,CEMA,buy,1.5963571071624756,,,
2021-05-19 01:00:00+00:00,CEMA,sell,1.5121897459030151,,,
2021-05-20 06:00:00+00:00,CEMA,buy,1.1690258979797363,,,
2021-05-20 18:00:00+00:00,CEMA,sell,1.170562744140625,,,
2021-05-21 00:00:00+00:00,CEMA,buy,1.2026382684707642,,,
2021-05-21 02:00:00+00:00,CEMA,sell,1.171436071395874,,,
2021-05-22 13:00:00+00:00,CEMA,buy,0.9406676888465881,,,
2021-05-22 14:00:00+00:00,CEMA,sell,0.9011595249176025,,,
2021-05-23 00:00:00+00:00,CEMA,buy,0.9516790509223938,,,
2021-05-23 06:00:00+00:00,CEMA,sell,0.8982399702072144,,,
2021-05-23 22:00:00+00:00,CEMA,buy,0.7810074687004089,,,
2021-05-25 11:00:00+00:00,CEMA,sell,0.9023439288139343,,,
2021-05-25 22:00:00+00:00,CEMA,buy,0.9737851023674011,,,
2021-05-26 14:00:00+00:00,CEMA,sell,1.0026202201843262,,,
2021-05-27 00:00:00+00:00,CEMA,buy,1.006711483001709,,,
2021-05-27 01:00:00+00:00,CEMA,sell,0.9523569345474243,,,
2021-05-27 08:00:00+00:00,CEMA,buy,0.9992787837982178,,,
2021-05-27 19:00:00+00:00,CEMA,sell,0.9819657206535339,,,
2021-05-28 19:00:00+00:00,CEMA,buy,0.9051685929298401,,,
2021-05-28 20:00:00+00:00,CEMA,sell,0.8750109076499939,,,
2021-05-29 00:00:00+00:00,CEMA,buy,0.930862307548523,,,
2021-05-29 08:00:00+00:00,CEMA,sell,0.8769001960754395,,,
2021-05-30 04:00:00+00:00,CEMA,buy,0.8436110615730286,,,
2021-05-31 04:00:00+00:00,CEMA,sell,0.8919002413749695,,,
2021-05-31 06:00:00+00:00,CEMA,buy,0.9583451151847839,,,
2021-06-01 09:00:00+00:00,CEMA,sell,1.009894609451294,,,
2021-06-02 05:00:00+00:00,CEMA,buy,1.0074712038040161,,,
2021-06-03 00:00:00+00:00,CEMA,sell,1.013342022895813,,,
2021-06-03 05:00:00+00:00,CEMA,buy,1.0426850318908691,,,
2021-06-03 14:00:00+00:00,CEMA,sell,1.0283695459365845,,,
2021-06-03 22:00:00+00:00,CEMA,buy,1.04337477684021,,,
2021-06-04 00:00:00+00:00,CEMA,sell,1.0316174030303955,,,
2021-06-04 17:00:00+00:00,CEMA,buy,0.9754399061203003,,,
2021-06-05 09:00:00+00:00,CEMA,sell,0.9631766676902771,,,
2021-06-06 03:00:00+00:00,CEMA,buy,0.9383094310760498,,,
2021-06-06 12:00:00+00:00,CEMA,sell,0.9327463507652283,,,
2021-06-06 15:00:00+00:00,CEMA,buy,0.9421772360801697,,,
2021-06-06 20:00:00+00:00,CEMA,sell,0.9362860321998596,,,
2021-06-06 21:00:00+00:00,CEMA,buy,0.9417979121208191,,,
2021-06-06 22:00:00+00:00,CEMA,sell,0.9324522614479065,,,
2021-06-06 23:00:00+00:00,CEMA,buy,0.9444546103477478,,,
2021-06-07 15:00:00+00:00,CEMA,sell,0.9421440362930298,,,
2021-06-08 19:00:00+00:00,CEMA,buy,0.8648766875267029,,,
2021-06-09 02:00:00+00:00,CEMA,sell,0.8467245697975159,,,
2021-06-09 06:00:00+00:00,CEMA,buy,0.8721536993980408,,,
2021-06-10 06:00:00+00:00,CEMA,sell,0.885513961315155,,,
2021-06-11 10:00:00+00:00,CEMA,buy,0.871650755405426,,,
2021-06-11 15:00:00+00:00,CEMA,sell,0.8623318076133728,,,
2021-06-12 12:00:00+00:00,CEMA,buy,0.8347559571266174,,,
2021-06-13 03:00:00+00:00,CEMA,sell,0.8253558874130249,,,
2021-06-13 11:00:00+00:00,CEMA,buy,0.8336511254310608,,,
2021-06-13 14:00:00+00:00,CEMA,sell,0.8268739581108093,,,
2021-06-13 15:00:00+00:00,CEMA,buy,0.8317311406135559,,,
2021-06-14 08:00:00+00:00,CEMA,sell,0.8259052038192749,,,
2021-06-14 13:00:00+00:00,CEMA,buy,0.8848450183868408,,,
2021-06-15 02:00:00+00:00,CEMA,sell,0.8859100341796875,,,
2021-06-15 04:00:00+00:00,CEMA,buy,0.8977833986282349,,,
2021-06-15 09:00:00+00:00,CEMA,sell,0.8810809254646301,,,
2021-06-17 00:00:00+00:00,CEMA,buy,0.8480871915817261,,,
2021-06-17 12:00:00+00:00,CEMA,sell,0.8484497666358948,,,
2021-06-18 04:00:00+00:00,CEMA,buy,0.8410642147064209,,,
2021-06-18 12:00:00+00:00,CEMA,sell,0.8275087475776672,,,
2021-06-19 07:00:00+00:00,CEMA,buy,0.7960860729217529,,,
2021-06-19 12:00:00+00:00,CEMA,sell,0.7931410670280457,,,
2021-06-19 14:00:00+00:00,CEMA,buy,0.7981239557266235,,,
2021-06-19 17:00:00+00:00,CEMA,sell,0.7868797779083252,,,
2021-06-20 18:00:00+00:00,CEMA,buy,0.7401134967803955,,,
2021-06-21 03:00:00+00:00,CEMA,sell,0.7282968759536743,,,
2021-06-22 20:00:00+00:00,CEMA,buy,0.5863432884216309,,,
2021-06-22 21:00:00+00:00,CEMA,sell,0.5511160492897034,,,
2021-06-23 02:00:00+00:00,CEMA,buy,0.6075707674026489,,,
2021-06-23 18:00:00+00:00,CEMA,sell,0.6169722080230713,,,
2021-06-24 00:00:00+00:00,CEMA,buy,0.6387594938278198,,,
2021-06-25 06:00:00+00:00,CEMA,sell,0.6669800281524658,,,
2021-06-26 05:00:00+00:00,CEMA,buy,0.6231561303138733,,,
2021-06-26 06:00:00+00:00,CEMA,sell,0.6141341924667358,,,
2021-06-26 22:00:00+00:00,CEMA,buy,0.6093966960906982,,,
2021-06-27 09:00:00+00:00,CEMA,sell,0.6086704730987549,,,
2021-06-27 22:00:00+00:00,CEMA,buy,0.6418094635009766,,,
2021-06-28 12:00:00+00:00,CEMA,sell,0.6321011185646057,,,
2021-06-28 15:00:00+00:00,CEMA,buy,0.6526849865913391,,,
2021-06-30 01:00:00+00:00,CEMA,sell,0.6985800266265869,,,
2021-06-30 20:00:00+00:00,CEMA,buy,0.684410572052002,,,
2021-07-01 06:00:00+00:00,CEMA,sell,0.661083459854126,,,
2021-07-01 22:00:00+00:00,CEMA,buy,0.664164662361145,,,
2021-07-02 01:00:00+00:00,CEMA,sell,0.6499693393707275,,,
2021-07-02 15:00:00+00:00,CEMA,buy,0.6502551436424255,,,
2021-07-02 18:00:00+00:00,CEMA,sell,0.641986608505249,,,
2021-07-02 21:00:00+00:00,CEMA,buy,0.6487748026847839,,,
2021-07-04 00:00:00+00:00,CEMA,sell,0.6689948439598083,,,
2021-07-04 05:00:00+00:00,CEMA,buy,0.6853312253952026,,,
2021-07-05 01:00:00+00:00,CEMA,sell,0.6804287433624268,,,
2021-07-05 21:00:00+00:00,CEMA,buy,0.6668598055839539,,,
2021-07-06 01:00:00+00:00,CEMA,sell,0.6601152420043945,,,
2021-07-06 02:00:00+00:00,CEMA,buy,0.663016676902771,,,
2021-07-06 11:00:00+00:00,CEMA,sell,0.6635734438896179,,,
2021-07-07 02:00:00+00:00,CEMA,buy,0.6642402410507202,,,
2021-07-07 15:00:00+00:00,CEMA,sell,0.6614997386932373,,,
2021-07-08 17:00:00+00:00,CEMA,buy,0.6266806721687317,,,
2021-07-08 21:00:00+00:00,CEMA,sell,0.617281436920166,,,
2021-07-09 06:00:00+00:00,CEMA,buy,0.6189708113670349,,,
2021-07-09 08:00:00+00:00,CEMA,sell,0.6125110983848572,,,
2021-07-09 13:00:00+00:00,CEMA,buy,0.6269586682319641,,,
2021-07-10 04:00:00+00:00,CEMA,sell,0.6268696784973145,,,
2021-07-11 00:00:00+00:00,CEMA,buy,0.6270015835762024,,,
2021-07-11 04:00:00+00:00,CEMA,sell,0.6207591891288757,,,
2021-07-11 09:00:00+00:00,CEMA,buy,0.6246799826622009,,,
2021-07-12 11:00:00+00:00,CEMA,sell,0.6363005042076111,,,
2021-07-13 04:00:00+00:00,CEMA,buy,0.629262387752533,,,
2021-07-13 05:00:00+00:00,CEMA,sell,0.6206948757171631,,,
2021-07-13 06:00:00+00:00,CEMA,buy,0.6330437660217285,,,
2021-07-13 12:00:00+00:00,CEMA,sell,0.6179102063179016,,,
2021-07-14 12:00:00+00:00,CEMA,buy,0.606713593006134,,,
2021-07-15 03:00:00+00:00,CEMA,sell,0.6149705648422241,,,
2021-07-16 01:00:00+00:00,CEMA,buy,0.6085990071296692,,,
2021-07-16 08:00:00+00:00,CEMA,sell,0.5947294235229492,,,
2021-07-16 16:00:00+00:00,CEMA,buy,0.6022730469703674,,,
2021-07-16 20:00:00+00:00,CEMA,sell,0.5961384773254395,,,
2021-07-17 16:00:00+00:00,CEMA,buy,0.5835133194923401,,,
2021-07-18 07:00:00+00:00,CEMA,sell,0.5865449905395508,,,
2021-07-18 21:00:00+00:00,CEMA,buy,0.5907608866691589,,,
2021-07-19 00:00:00+00:00,CEMA,sell,0.5789849758148193,,,
2021-07-19 05:00:00+00:00,CEMA,buy,0.5874034762382507,,,
2021-07-19 08:00:00+00:00,CEMA,sell,0.5789155960083008,,,
2021-07-20 16:00:00+00:00,CEMA,buy,0.5299586653709412,,,
2021-07-21 00:00:00+00:00,CEMA,sell,0.5213155746459961,,,
2021-07-21 04:00:00+00:00,CEMA,buy,0.5464305877685547,,,
2021-07-23 09:00:00+00:00,CEMA,sell,0.5920568704605103,,,
2021-07-23 22:00:00+00:00,CEMA,buy,0.599503755569458,,,
2021-07-24 20:00:00+00:00,CEMA,sell,0.6019511818885803,,,
2021-07-25 07:00:00+00:00,CEMA,buy,0.6090835928916931,,,
2021-07-25 10:00:00+00:00,CEMA,sell,0.6003610491752625,,,
2021-07-25 21:00:00+00:00,CEMA,buy,0.6016870141029358,,,
2021-07-26 20:00:00+00:00,CEMA,sell,0.631335973739624,,,
2021-07-27 10:00:00+00:00,CEMA,buy,0.6349936127662659,,,
2021-07-27 18:00:00+00:00,CEMA,sell,0.632100522518158,,,
2021-07-27 22:00:00+00:00,CEMA,buy,0.6448046565055847,,,
2021-07-28 06:00:00+00:00,CEMA,sell,0.6346473693847656,,,
2021-07-28 07:00:00+00:00,CEMA,buy,0.727008044719696,,,
2021-07-28 22:00:00+00:00,CEMA,sell,0.7029706835746765,,,
2021-07-29 09:00:00+00:00,CEMA,buy,0.7104066610336304,,,
2021-07-29 11:00:00+00:00,CEMA,sell,0.7020232081413269,,,
2021-07-29 14:00:00+00:00,CEMA,buy,0.7083576917648315,,,
2021-07-29 16:00:00+00:00,CEMA,sell,0.7022684812545776,,,
2021-07-29 19:00:00+00:00,CEMA,buy,0.7146482467651367,,,
2021-07-30 09:00:00+00:00,CEMA,sell,0.7257272005081177,,,
2021-07-30 19:00:00+00:00,CEMA,buy,0.7400655746459961,,,
2021-07-31 14:00:00+00:00,CEMA,sell,0.7420123219490051,,,
2021-07-31 21:00:00+00:00,CEMA,buy,0.7554875612258911,,,
2021-08-01 12:00:00+00:00,CEMA,sell,0.7604575157165527,,,
2021-08-02 06:00:00+00:00,CEMA,buy,0.7671164870262146,,,
2021-08-02 19:00:00+00:00,CEMA,sell,0.7397149801254272,,,
2021-08-04 00:00:00+00:00,CEMA,buy,0.7201023101806641,,,
2021-08-04 05:00:00+00:00,CEMA,sell,0.7115821242332458,,,
2021-08-04 14:00:00+00:00,CEMA,buy,0.7226715087890625,,,
2021-08-05 06:00:00+00:00,CEMA,sell,0.7217903733253479,,,
2021-08-05 16:00:00+00:00,CEMA,buy,0.7228512167930603,,,
2021-08-06 11:00:00+00:00,CEMA,sell,0.7274817228317261,,,
2021-08-06 15:00:00+00:00,CEMA,buy,0.7409383654594421,,,
2021-08-08 10:00:00+00:00,CEMA,sell,0.8030365109443665,,,
2021-08-09 05:00:00+00:00,CEMA,buy,0.7881271839141846,,,
2021-08-10 00:00:00+00:00,CEMA,sell,0.8124653100967407,,,
2021-08-10 07:00:00+00:00,CEMA,buy,0.8193774223327637,,,
2021-08-12 06:00:00+00:00,CEMA,sell,0.9896419644355774,,,
2021-08-13 02:00:00+00:00,CEMA,buy,0.9851704239845276,,,
2021-08-13 19:00:00+00:00,CEMA,sell,1.0164693593978882,,,
2021-08-13 20:00:00+00:00,CEMA,buy,1.0530213117599487,,,
2021-08-15 11:00:00+00:00,CEMA,sell,1.2786507606506348,,,
2021-08-15 20:00:00+00:00,CEMA,buy,1.3019800186157227,,,
2021-08-16 08:00:00+00:00,CEMA,sell,1.2802151441574097,,,
2021-08-17 11:00:00+00:00,CEMA,buy,1.2009575366973877,,,
2021-08-17 14:00:00+00:00,CEMA,sell,1.1859540939331055,,,
2021-08-18 15:00:00+00:00,CEMA,buy,1.1419119834899902,,,
2021-08-19 04:00:00+00:00,CEMA,sell,1.1242595911026,,,
2021-08-19 15:00:00+00:00,CEMA,buy,1.1516304016113281,,,
2021-08-21 00:00:00+00:00,CEMA,sell,1.23829984664917,,,
2021-08-21 02:00:00+00:00,CEMA,buy,1.2621641159057617,,,
2021-08-21 09:00:00+00:00,CEMA,sell,1.2537825107574463,,,
2021-08-21 10:00:00+00:00,CEMA,buy,1.2637989521026611,,,
2021-08-21 11:00:00+00:00,CEMA,sell,1.2314441204071045,,,
2021-08-22 04:00:00+00:00,CEMA,buy,1.235475778579712,,,
2021-08-22 13:00:00+00:00,CEMA,sell,1.224137544631958,,,
2021-08-23 01:00:00+00:00,CEMA,buy,1.243645191192627,,,
2021-08-23 15:00:00+00:00,CEMA,sell,1.243569016456604,,,
2021-08-24 06:00:00+00:00,CEMA,buy,1.2496979236602783,,,
2021-08-24 12:00:00+00:00,CEMA,sell,1.2354071140289307,,,
2021-08-25 14:00:00+00:00,CEMA,buy,1.1673446893692017,,,
2021-08-26 03:00:00+00:00,CEMA,sell,1.1455146074295044,,,
2021-08-27 07:00:00+00:00,CEMA,buy,1.106124997138977,,,
2021-08-28 08:00:00+00:00,CEMA,sell,1.163399577140808,,,
2021-08-29 01:00:00+00:00,CEMA,buy,1.163090467453003,,,
2021-08-29 03:00:00+00:00,CEMA,sell,1.126149296760559,,,
2021-08-29 09:00:00+00:00,CEMA,buy,1.149168610572815,,,
2021-08-29 13:00:00+00:00,CEMA,sell,1.1383895874023438,,,
2021-08-29 17:00:00+00:00,CEMA,buy,1.1501613855361938,,,
2021-08-30 01:00:00+00:00,CEMA,sell,1.1360949277877808,,,
2021-08-30 17:00:00+00:00,CEMA,buy,1.1399892568588257,,,
2021-08-31 00:00:00+00:00,CEMA,sell,1.1117730140686035,,,
2021-08-31 11:00:00+00:00,CEMA,buy,1.1412818431854248,,,
2021-09-02 16:00:00+00:00,CEMA,sell,1.2568925619125366,,,
2021-09-02 21:00:00+00:00,CEMA,buy,1.272047519683838,,,
2021-09-03 00:00:00+00:00,CEMA,sell,1.2349001169204712,,,
2021-09-03 04:00:00+00:00,CEMA,buy,1.2888097763061523,,,
2021-09-04 01:00:00+00:00,CEMA,sell,1.274749755859375,,,
2021-09-05 09:00:00+00:00,CEMA,buy,1.2634918689727783,,,
2021-09-07 03:00:00+00:00,CEMA,sell,1.3682671785354614,,,
2021-09-08 15:00:00+00:00,CEMA,buy,1.0995631217956543,,,
2021-09-09 00:00:00+00:00,CEMA,sell,0.8094007968902588,,,
2021-09-09 05:00:00+00:00,CEMA,buy,1.1086480617523193,,,
2021-09-09 19:00:00+00:00,CEMA,sell,1.0956498384475708,,,
2021-09-10 01:00:00+00:00,CEMA,buy,1.2136210203170776,,,
2021-09-10 07:00:00+00:00,CEMA,sell,1.097935438156128,,,
2021-09-11 04:00:00+00:00,CEMA,buy,1.0704231262207031,,,
2021-09-11 21:00:00+00:00,CEMA,sell,1.0885711908340454,,,
2021-09-12 08:00:00+00:00,CEMA,buy,1.098267912864685,,,
2021-09-12 21:00:00+00:00,CEMA,sell,1.094110131263733,,,
2021-09-12 22:00:00+00:00,CEMA,buy,1.1147836446762085,,,
2021-09-13 01:00:00+00:00,CEMA,sell,1.0910801887512207,,,
2021-09-13 20:00:00+00:00,CEMA,buy,1.0721027851104736,,,
2021-09-14 13:00:00+00:00,CEMA,sell,1.0695605278015137,,,
2021-09-14 15:00:00+00:00,CEMA,buy,1.0856066942214966,,,
2021-09-14 21:00:00+00:00,CEMA,sell,1.0761425495147705,,,
2021-09-14 22:00:00+00:00,CEMA,buy,1.0901732444763184,,,
2021-09-16 03:00:00+00:00,CEMA,sell,1.1019818782806396,,,
2021-09-16 05:00:00+00:00,CEMA,buy,1.1188918352127075,,,
2021-09-16 10:00:00+00:00,CEMA,sell,1.1084855794906616,,,
2021-09-17 04:00:00+00:00,CEMA,buy,1.0997153520584106,,,
2021-09-17 08:00:00+00:00,CEMA,sell,1.0918943881988525,,,
2021-09-18 02:00:00+00:00,CEMA,buy,1.073495864868164,,,
2021-09-18 16:00:00+00:00,CEMA,sell,1.0777333974838257,,,
2021-09-19 07:00:00+00:00,CEMA,buy,1.0807753801345825,,,
2021-09-19 11:00:00+00:00,CEMA,sell,1.059279441833496,,,
2021-09-19 20:00:00+00:00,CEMA,buy,1.0767728090286255,,,
2021-09-19 22:00:00+00:00,CEMA,sell,1.045955777168274,,,
2021-09-21 02:00:00+00:00,CEMA,buy,0.947668194770813,,,
2021-09-21 14:00:00+00:00,CEMA,sell,0.921845555305481,,,
2021-09-22 04:00:00+00:00,CEMA,buy,0.9115961194038391,,,
2021-09-23 10:00:00+00:00,CEMA,sell,0.987301766872406,,,
2021-09-23 18:00:00+00:00,CEMA,buy,0.9985631704330444,,,
2021-09-24 01:00:00+00:00,CEMA,sell,0.9890691041946411,,,
2021-09-24 21:00:00+00:00,CEMA,buy,0.9531431198120117,,,
2021-09-25 08:00:00+00:00,CEMA,sell,0.9389075040817261,,,
2021-09-25 09:00:00+00:00,CEMA,buy,0.9488253593444824,,,
2021-09-25 10:00:00+00:00,CEMA,sell,0.9449920654296875,,,
2021-09-26 11:00:00+00:00,CEMA,buy,0.9420105814933777,,,
2021-09-27 10:00:00+00:00,CEMA,sell,0.9616542458534241,,,
2021-09-29 05:00:00+00:00,CEMA,buy,0.9202520847320557,,,
2021-09-29 18:00:00+00:00,CEMA,sell,0.9211837649345398,,,
2021-09-30 01:00:00+00:00,CEMA,buy,0.9534322023391724,,,
2021-09-30 09:00:00+00:00,CEMA,sell,0.9340983033180237,,,
2021-09-30 15:00:00+00:00,CEMA,buy,0.9450121521949768,,,
2021-09-30 16:00:00+00:00,CEMA,sell,0.9404105544090271,,,
2021-09-30 17:00:00+00:00,CEMA,buy,0.9467939138412476,,,
2021-10-02 03:00:00+00:00,CEMA,sell,1.0136637687683105,,,
2021-10-02 13:00:00+00:00,CEMA,buy,1.033135175704956,,,
2021-10-03 02:00:00+00:00,CEMA,sell,1.042603850364685,,,
2021-10-03 06:00:00+00:00,CEMA,buy,1.0479334592819214,,,
2021-10-03 07:00:00+00:00,CEMA,sell,1.0438562631607056,,,
2021-10-03 12:00:00+00:00,CEMA,buy,1.0539569854736328,,,
2021-10-03 22:00:00+00:00,CEMA,sell,1.0518348217010498,,,
2021-10-04 17:00:00+00:00,CEMA,buy,1.049296498298645,,,
2021-10-06 04:00:00+00:00,CEMA,sell,1.0636398792266846,,,
2021-10-06 14:00:00+00:00,CEMA,buy,1.0976600646972656,,,
2021-10-07 01:00:00+00:00,CEMA,sell,1.0572357177734375,,,
2021-10-07 07:00:00+00:00,CEMA,buy,1.0877281427383423,,,
2021-10-07 14:00:00+00:00,CEMA,sell,1.0631107091903687,,,
2021-10-08 00:00:00+00:00,CEMA,buy,1.0759791135787964,,,
2021-10-08 03:00:00+00:00,CEMA,sell,1.0645629167556763,,,
2021-10-08 07:00:00+00:00,CEMA,buy,1.0793036222457886,,,
2021-10-08 13:00:00+00:00,CEMA,sell,1.0679471492767334,,,
2021-10-09 04:00:00+00:00,CEMA,buy,1.0755566358566284,,,
2021-10-10 15:00:00+00:00,CEMA,sell,1.188647985458374,,,
2021-10-11 07:00:00+00:00,CEMA,buy,1.178384780883789,,,
2021-10-11 11:00:00+00:00,CEMA,sell,1.1516696214675903,,,
2021-10-12 16:00:00+00:00,CEMA,buy,1.106918215751648,,,
2021-10-13 06:00:00+00:00,CEMA,sell,1.0948865413665771,,,
2021-10-13 15:00:00+00:00,CEMA,buy,1.1072112321853638,,,
2021-10-14 09:00:00+00:00,CEMA,sell,1.126036286354065,,,
2021-10-14 11:00:00+00:00,CEMA,buy,1.1409826278686523,,,
2021-10-14 19:00:00+00:00,CEMA,sell,1.1316137313842773,,,
2021-10-15 04:00:00+00:00,CEMA,buy,1.136008381843567,,,
2021-10-15 09:00:00+00:00,CEMA,sell,1.118006706237793,,,
2021-10-15 16:00:00+00:00,CEMA,buy,1.1362308263778687,,,
2021-10-16 18:00:00+00:00,CEMA,sell,1.1450170278549194,,,
2021-10-19 01:00:00+00:00,CEMA,buy,1.092272400856018,,,
2021-10-19 09:00:00+00:00,CEMA,sell,1.085810899734497,,,
2021-10-20 00:00:00+00:00,CEMA,buy,1.0993843078613281,,,
2021-10-21 07:00:00+00:00,CEMA,sell,1.1386489868164062,,,
2021-10-21 09:00:00+00:00,CEMA,buy,1.1591291427612305,,,
2021-10-21 12:00:00+00:00,CEMA,sell,1.1318353414535522,,,
2021-10-22 05:00:00+00:00,CEMA,buy,1.1052873134613037,,,
2021-10-22 13:00:00+00:00,CEMA,sell,1.0928205251693726,,,
2021-10-22 14:00:00+00:00,CEMA,buy,1.1157658100128174,,,
2021-10-22 15:00:00+00:00,CEMA,sell,1.0967508554458618,,,
2021-10-23 07:00:00+00:00,CEMA,buy,1.0932446718215942,,,
2021-10-23 09:00:00+00:00,CEMA,sell,1.0879826545715332,,,
2021-10-23 14:00:00+00:00,CEMA,buy,1.093050241470337,,,
2021-10-23 17:00:00+00:00,CEMA,sell,1.088407278060913,,,
2021-10-24 00:00:00+00:00,CEMA,buy,1.0918341875076294,,,
2021-10-24 06:00:00+00:00,CEMA,sell,1.0847092866897583,,,
2021-10-25 00:00:00+00:00,CEMA,buy,1.0967644453048706,,,
2021-10-25 20:00:00+00:00,CEMA,sell,1.0919058322906494,,,
2021-10-26 00:00:00+00:00,CEMA,buy,1.1011326313018799,,,
2021-10-26 14:00:00+00:00,CEMA,sell,1.1039683818817139,,,
2021-10-26 20:00:00+00:00,CEMA,buy,1.1560999155044556,,,
2021-10-27 02:00:00+00:00,CEMA,sell,1.1146240234375,,,
2021-10-28 05:00:00+00:00,CEMA,buy,1.0148158073425293,,,
2021-10-29 07:00:00+00:00,CEMA,sell,1.0596752166748047,,,
2021-10-29 15:00:00+00:00,CEMA,buy,1.0798810720443726,,,
2021-10-30 14:00:00+00:00,CEMA,sell,1.076332688331604,,,
2021-10-31 00:00:00+00:00,CEMA,buy,1.0981712341308594,,,
2021-10-31 11:00:00+00:00,CEMA,sell,1.0781056880950928,,,
2021-10-31 20:00:00+00:00,CEMA,buy,1.1025100946426392,,,
2021-11-01 03:00:00+00:00,CEMA,sell,1.0795818567276,,,
2021-11-01 22:00:00+00:00,CEMA,buy,1.0941768884658813,,,
2021-11-03 13:00:00+00:00,CEMA,sell,1.1599072217941284,,,
2021-11-03 18:00:00+00:00,CEMA,buy,1.2013282775878906,,,
2021-11-04 08:00:00+00:00,CEMA,sell,1.198258638381958,,,
2021-11-04 23:00:00+00:00,CEMA,buy,1.2016210556030273,,,
2021-11-05 00:00:00+00:00,CEMA,sell,1.1736611127853394,,,
2021-11-05 03:00:00+00:00,CEMA,buy,1.198739767074585,,,
2021-11-05 10:00:00+00:00,CEMA,sell,1.177907943725586,,,
2021-11-06 00:00:00+00:00,CEMA,buy,1.1716103553771973,,,
2021-11-06 08:00:00+00:00,CEMA,sell,1.158945918083191,,,
2021-11-06 21:00:00+00:00,CEMA,buy,1.1501013040542603,,,
2021-11-08 13:00:00+00:00,CEMA,sell,1.2438569068908691,,,
2021-11-08 21:00:00+00:00,CEMA,buy,1.2667316198349,,,
2021-11-09 07:00:00+00:00,CEMA,sell,1.2512251138687134,,,
2021-11-09 20:00:00+00:00,CEMA,buy,1.266869068145752,,,
2021-11-10 00:00:00+00:00,CEMA,sell,1.2415440082550049,,,
2021-11-10 12:00:00+00:00,CEMA,buy,1.266196370124817,,,
2021-11-10 21:00:00+00:00,CEMA,sell,1.185907244682312,,,
2021-11-11 07:00:00+00:00,CEMA,buy,1.2452033758163452,,,
2021-11-11 14:00:00+00:00,CEMA,sell,1.2191309928894043,,,
2021-11-12 00:00:00+00:00,CEMA,buy,1.2251254320144653,,,
2021-11-12 05:00:00+00:00,CEMA,sell,1.2050542831420898,,,
2021-11-12 20:00:00+00:00,CEMA,buy,1.1969977617263794,,,
2021-11-13 03:00:00+00:00,CEMA,sell,1.178259253501892,,,
2021-11-13 07:00:00+00:00,CEMA,buy,1.1953463554382324,,,
2021-11-13 12:00:00+00:00,CEMA,sell,1.1760200262069702,,,
2021-11-13 15:00:00+00:00,CEMA,buy,1.1955727338790894,,,
2021-11-13 22:00:00+00:00,CEMA,sell,1.1865962743759155,,,
2021-11-13 23:00:00+00:00,CEMA,buy,1.1922459602355957,,,
2021-11-14 03:00:00+00:00,CEMA,sell,1.1865609884262085,,,
2021-11-14 05:00:00+00:00,CEMA,buy,1.1943953037261963,,,
2021-11-14 07:00:00+00:00,CEMA,sell,1.1841248273849487,,,
2021-11-14 12:00:00+00:00,CEMA,buy,1.1917415857315063,,,
2021-11-14 15:00:00+00:00,CEMA,sell,1.1785787343978882,,,
2021-11-14 23:00:00+00:00,CEMA,buy,1.1886088848114014,,,
2021-11-15 13:00:00+00:00,CEMA,sell,1.198743462562561,,,
2021-11-17 10:00:00+00:00,CEMA,buy,1.104478359222412,,,
2021-11-17 17:00:00+00:00,CEMA,sell,1.093135118484497,,,
2021-11-17 18:00:00+00:00,CEMA,buy,1.1009016036987305,,,
2021-11-18 08:00:00+00:00,CEMA,sell,1.105771780014038,,,
2021-11-19 08:00:00+00:00,CEMA,buy,1.0574153661727905,,,
2021-11-20 05:00:00+00:00,CEMA,sell,1.0872539281845093,,,
2021-11-20 11:00:00+00:00,CEMA,buy,1.099013090133667,,,
2021-11-20 15:00:00+00:00,CEMA,sell,1.0665233135223389,,,
2021-11-20 20:00:00+00:00,CEMA,buy,1.0925040245056152,,,
2021-11-21 02:00:00+00:00,CEMA,sell,1.0798181295394897,,,
2021-11-21 17:00:00+00:00,CEMA,buy,1.080355167388916,,,
2021-11-21 21:00:00+00:00,CEMA,sell,1.0758315324783325,,,
2021-11-22 12:00:00+00:00,CEMA,buy,1.0531306266784668,,,
2021-11-22 18:00:00+00:00,CEMA,sell,1.0401827096939087,,,
2021-11-23 02:00:00+00:00,CEMA,buy,1.0522047281265259,,,
2021-11-23 07:00:00+00:00,CEMA,sell,1.0372766256332397,,,
2021-11-23 14:00:00+00:00,CEMA,buy,1.0552940368652344,,,
2021-11-24 03:00:00+00:00,CEMA,sell,1.0410380363464355,,,
2021-11-24 23:00:00+00:00,CEMA,buy,1.0341885089874268,,,
2021-11-25 08:00:00+00:00,CEMA,sell,1.032216191291809,,,
2021-11-25 10:00:00+00:00,CEMA,buy,1.0409706830978394,,,
2021-11-25 23:00:00+00:00,CEMA,sell,1.0442472696304321,,,
2021-11-27 03:00:00+00:00,CEMA,buy,0.9564633965492249,,,
2021-11-27 07:00:00+00:00,CEMA,sell,0.9481956362724304,,,
2021-11-27 08:00:00+00:00,CEMA,buy,0.9583162069320679,,,
2021-11-27 20:00:00+00:00,CEMA,sell,0.941508412361145,,,
2021-11-28 10:00:00+00:00,CEMA,buy,0.9415397047996521,,,
2021-11-28 15:00:00+00:00,CEMA,sell,0.9277207255363464,,,
2021-11-28 21:00:00+00:00,CEMA,buy,0.9566774964332581,,,
2021-11-29 14:00:00+00:00,CEMA,sell,0.9735919237136841,,,
2021-11-29 16:00:00+00:00,CEMA,buy,0.9843479990959167,,,
2021-11-30 06:00:00+00:00,CEMA,sell,0.9871029257774353,,,
2021-11-30 12:00:00+00:00,CEMA,buy,1.0056604146957397,,,
2021-11-30 23:00:00+00:00,CEMA,sell,0.9993276596069336,,,
2021-12-01 00:00:00+00:00,CEMA,buy,1.0098947286605835,,,
2021-12-01 01:00:00+00:00,CEMA,sell,1.0044070482254028,,,
2021-12-01 02:00:00+00:00,CEMA,buy,1.0080775022506714,,,
2021-12-01 11:00:00+00:00,CEMA,sell,1.002616286277771,,,
2021-12-01 15:00:00+00:00,CEMA,buy,1.012271523475647,,,
2021-12-01 19:00:00+00:00,CEMA,sell,1.001915693283081,,,
2021-12-02 15:00:00+00:00,CEMA,buy,0.9755544066429138,,,
2021-12-02 16:00:00+00:00,CEMA,sell,0.9729641675949097,,,
2021-12-02 17:00:00+00:00,CEMA,buy,0.9762770533561707,,,
2021-12-03 00:00:00+00:00,CEMA,sell,0.9723389148712158,,,
2021-12-03 06:00:00+00:00,CEMA,buy,0.9807538986206055,,,
2021-12-03 14:00:00+00:00,CEMA,sell,0.9683703780174255,,,
2021-12-04 17:00:00+00:00,CEMA,buy,0.8034759163856506,,,
2021-12-05 10:00:00+00:00,CEMA,sell,0.8260728120803833,,,
2021-12-06 16:00:00+00:00,CEMA,buy,0.793891429901123,,,
2021-12-07 13:00:00+00:00,CEMA,sell,0.8280229568481445,,,
2021-12-08 07:00:00+00:00,CEMA,buy,0.8414077162742615,,,
2021-12-08 11:00:00+00:00,CEMA,sell,0.8134801983833313,,,
2021-12-08 14:00:00+00:00,CEMA,buy,0.8526926636695862,,,
2021-12-09 03:00:00+00:00,CEMA,sell,0.8478424549102783,,,
2021-12-09 09:00:00+00:00,CEMA,buy,0.9198295474052429,,,
2021-12-09 18:00:00+00:00,CEMA,sell,0.8641669750213623,,,
2021-12-10 13:00:00+00:00,CEMA,buy,0.8609836101531982,,,
2021-12-10 14:00:00+00:00,CEMA,sell,0.8332651257514954,,,
2021-12-11 05:00:00+00:00,CEMA,buy,0.8284992575645447,,,
2021-12-11 19:00:00+00:00,CEMA,sell,0.8237895369529724,,,
2021-12-11 23:00:00+00:00,CEMA,buy,0.8409451246261597,,,
2021-12-12 02:00:00+00:00,CEMA,sell,0.8286885023117065,,,
2021-12-12 14:00:00+00:00,CEMA,buy,0.8280786275863647,,,
2021-12-13 01:00:00+00:00,CEMA,sell,0.8227429389953613,,,
2021-12-14 08:00:00+00:00,CEMA,buy,0.7945166230201721,,,
2021-12-14 09:00:00+00:00,CEMA,sell,0.780843198299408,,,
2021-12-14 10:00:00+00:00,CEMA,buy,0.7995203137397766,,,
2021-12-15 02:00:00+00:00,CEMA,sell,0.8088006377220154,,,
2021-12-15 19:00:00+00:00,CEMA,buy,0.8237830996513367,,,
2021-12-16 08:00:00+00:00,CEMA,sell,0.8221157789230347,,,
2021-12-16 10:00:00+00:00,CEMA,buy,0.8310708403587341,,,
2021-12-16 16:00:00+00:00,CEMA,sell,0.825911819934845,,,
2021-12-17 05:00:00+00:00,CEMA,buy,0.8225667476654053,,,
2021-12-17 09:00:00+00:00,CEMA,sell,0.8122884631156921,,,
2021-12-18 03:00:00+00:00,CEMA,buy,0.8070059418678284,,,
2021-12-19 19:00:00+00:00,CEMA,sell,0.8314449787139893,,,
2021-12-19 20:00:00+00:00,CEMA,buy,0.8347570300102234,,,
2021-12-20 09:00:00+00:00,CEMA,sell,0.8477144837379456,,,
2021-12-20 20:00:00+00:00,CEMA,buy,0.8788143396377563,,,
2021-12-22 12:00:00+00:00,CEMA,sell,0.9274039268493652,,,
2021-12-22 19:00:00+00:00,CEMA,buy,0.9552363157272339,,,
2021-12-23 11:00:00+00:00,CEMA,sell,0.9652225375175476,,,
2021-12-23 16:00:00+00:00,CEMA,buy,0.9946686029434204,,,
2021-12-24 01:00:00+00:00,CEMA,sell,0.9894366264343262,,,
2021-12-25 08:00:00+00:00,CEMA,buy,0.9306594729423523,,,
2021-12-26 02:00:00+00:00,CEMA,sell,0.9193669557571411,,,
2021-12-26 16:00:00+00:00,CEMA,buy,0.9209778308868408,,,
2021-12-27 09:00:00+00:00,CEMA,sell,0.9183739423751831,,,
2021-12-27 12:00:00+00:00,CEMA,buy,0.9258126020431519,,,
2021-12-27 23:00:00+00:00,CEMA,sell,0.9275950193405151,,,
2021-12-30 07:00:00+00:00,CEMA,buy,0.8332619667053223,,,
2021-12-30 22:00:00+00:00,CEMA,sell,0.8353413343429565,,,
2021-12-31 08:00:00+00:00,CEMA,buy,0.850691556930542,,,
2021-12-31 16:00:00+00:00,CEMA,sell,0.8365786075592041,,,
2022-01-01 01:00:00+00:00,CEMA,buy,0.8407233953475952,,,
2022-01-02 01:00:00+00:00,CEMA,sell,0.8422291278839111,,,
2022-01-02 10:00:00+00:00,CEMA,buy,0.8458492755889893,,,
2022-01-03 03:00:00+00:00,CEMA,sell,0.8465250134468079,,,
2022-01-04 11:00:00+00:00,CEMA,buy,0.8361522555351257,,,
2022-01-04 18:00:00+00:00,CEMA,sell,0.8215208053588867,,,
2022-01-05 04:00:00+00:00,CEMA,buy,0.8298331499099731,,,
2022-01-05 11:00:00+00:00,CEMA,sell,0.8258357644081116,,,
2022-01-06 16:00:00+00:00,CEMA,buy,0.7665688395500183,,,
2022-01-07 03:00:00+00:00,CEMA,sell,0.7471692562103271,,,
2022-01-07 09:00:00+00:00,CEMA,buy,0.772249162197113,,,
2022-01-07 13:00:00+00:00,CEMA,sell,0.7491294741630554,,,
2022-01-07 17:00:00+00:00,CEMA,buy,0.7648023962974548,,,
2022-01-08 11:00:00+00:00,CEMA,sell,0.766048789024353,,,
2022-01-09 02:00:00+00:00,CEMA,buy,0.7561252117156982,,,
2022-01-09 09:00:00+00:00,CEMA,sell,0.744586706161499,,,
2022-01-09 17:00:00+00:00,CEMA,buy,0.7548904418945312,,,
2022-01-10 01:00:00+00:00,CEMA,sell,0.7512354254722595,,,
2022-01-10 05:00:00+00:00,CEMA,buy,0.7560440897941589,,,
2022-01-10 06:00:00+00:00,CEMA,sell,0.7528836727142334,,,
2022-01-10 23:00:00+00:00,CEMA,buy,0.739331066608429,,,
2022-01-11 10:00:00+00:00,CEMA,sell,0.7347137331962585,,,
2022-01-11 16:00:00+00:00,CEMA,buy,0.7586309313774109,,,
2022-01-12 07:00:00+00:00,CEMA,sell,0.7604032754898071,,,
2022-01-12 12:00:00+00:00,CEMA,buy,0.7768710851669312,,,
2022-01-13 03:00:00+00:00,CEMA,sell,0.7883032560348511,,,
2022-01-13 08:00:00+00:00,CEMA,buy,0.7960389852523804,,,
2022-01-13 11:00:00+00:00,CEMA,sell,0.7858768105506897,,,
2022-01-14 05:00:00+00:00,CEMA,buy,0.7849778532981873,,,
2022-01-14 11:00:00+00:00,CEMA,sell,0.7590497732162476,,,
2022-01-14 20:00:00+00:00,CEMA,buy,0.7779639363288879,,,
2022-01-15 04:00:00+00:00,CEMA,sell,0.7723673582077026,,,
2022-01-15 06:00:00+00:00,CEMA,buy,0.7774791717529297,,,
2022-01-16 00:00:00+00:00,CEMA,sell,0.7783216834068298,,,
2022-01-16 09:00:00+00:00,CEMA,buy,0.7810596227645874,,,
2022-01-16 11:00:00+00:00,CEMA,sell,0.7781336307525635,,,
2022-01-16 17:00:00+00:00,CEMA,buy,0.7792092561721802,,,
2022-01-16 19:00:00+00:00,CEMA,sell,0.77597975730896,,,
2022-01-18 00:00:00+00:00,CEMA,buy,0.7671290636062622,,,
2022-01-18 04:00:00+00:00,CEMA,sell,0.7546570301055908,,,
2022-01-18 21:00:00+00:00,CEMA,buy,0.7565407156944275,,,
2022-01-19 03:00:00+00:00,CEMA,sell,0.7443283200263977,,,
2022-01-19 14:00:00+00:00,CEMA,buy,0.7449516654014587,,,
2022-01-20 12:00:00+00:00,CEMA,sell,0.7428981065750122,,,
2022-01-20 13:00:00+00:00,CEMA,buy,0.7481280565261841,,,
2022-01-20 21:00:00+00:00,CEMA,sell,0.7372199296951294,,,
2022-01-22 21:00:00+00:00,CEMA,buy,0.6025485992431641,,,
2022-01-23 15:00:00+00:00,CEMA,sell,0.6043182015419006,,,
2022-01-23 23:00:00+00:00,CEMA,buy,0.6287402510643005,,,
2022-01-24 05:00:00+00:00,CEMA,sell,0.6069275140762329,,,
2022-01-24 18:00:00+00:00,CEMA,buy,0.5969489812850952,,,
2022-01-25 06:00:00+00:00,CEMA,sell,0.5940861105918884,,,
2022-01-25 11:00:00+00:00,CEMA,buy,0.6010193228721619,,,
2022-01-26 21:00:00+00:00,CEMA,sell,0.6103019118309021,,,
2022-01-27 12:00:00+00:00,CEMA,buy,0.6103925704956055,,,
2022-01-27 19:00:00+00:00,CEMA,sell,0.6042930483818054,,,
2022-01-28 02:00:00+00:00,CEMA,buy,0.6054273843765259,,,
2022-01-28 08:00:00+00:00,CEMA,sell,0.5986151099205017,,,
2022-01-28 16:00:00+00:00,CEMA,buy,0.6042776107788086,,,
2022-01-29 16:00:00+00:00,CEMA,sell,0.6142018437385559,,,
2022-01-29 19:00:00+00:00,CEMA,buy,0.6166400909423828,,,
2022-01-30 00:00:00+00:00,CEMA,sell,0.6140880584716797,,,
2022-01-30 05:00:00+00:00,CEMA,buy,0.6194107532501221,,,
2022-01-30 14:00:00+00:00,CEMA,sell,0.6134865283966064,,,
2022-01-31 14:00:00+00:00,CEMA,buy,0.5926041603088379,,,
2022-02-02 07:00:00+00:00,CEMA,sell,0.6230910420417786,,,
2022-02-02 11:00:00+00:00,CEMA,buy,0.6263696551322937,,,
2022-02-02 14:00:00+00:00,CEMA,sell,0.6144513487815857,,,
2022-02-03 17:00:00+00:00,CEMA,buy,0.6021949052810669,,,
2022-02-03 20:00:00+00:00,CEMA,sell,0.5990827679634094,,,
2022-02-03 21:00:00+00:00,CEMA,buy,0.6062673330307007,,,
2022-02-04 14:00:00+00:00,CEMA,sell,0.6124393939971924,,,
2022-02-04 15:00:00+00:00,CEMA,buy,0.6246407628059387,,,
2022-02-05 16:00:00+00:00,CEMA,sell,0.6634353399276733,,,
2022-02-06 01:00:00+00:00,CEMA,buy,0.6734299659729004,,,
2022-02-06 06:00:00+00:00,CEMA,sell,0.6645236611366272,,,
2022-02-06 08:00:00+00:00,CEMA,buy,0.6707156896591187,,,
2022-02-06 12:00:00+00:00,CEMA,sell,0.668000340461731,,,
2022-02-06 13:00:00+00:00,CEMA,buy,0.6710983514785767,,,
2022-02-06 14:00:00+00:00,CEMA,sell,0.6633615493774414,,,
2022-02-06 17:00:00+00:00,CEMA,buy,0.6704064607620239,,,
2022-02-06 18:00:00+00:00,CEMA,sell,0.6673624515533447,,,
2022-02-06 19:00:00+00:00,CEMA,buy,0.6711432933807373,,,
2022-02-08 12:00:00+00:00,CEMA,sell,0.8431018590927124,,,
2022-02-08 22:00:00+00:00,CEMA,buy,0.8498210906982422,,,
2022-02-09 10:00:00+00:00,CEMA,sell,0.8555980324745178,,,
2022-02-09 12:00:00+00:00,CEMA,buy,0.8883118629455566,,,
2022-02-10 00:00:00+00:00,CEMA,sell,0.8745202422142029,,,
2022-02-10 10:00:00+00:00,CEMA,buy,0.8886936902999878,,,
2022-02-10 13:00:00+00:00,CEMA,sell,0.8566414713859558,,,
2022-02-11 14:00:00+00:00,CEMA,buy,0.8242520093917847,,,
2022-02-11 16:00:00+00:00,CEMA,sell,0.8123660683631897,,,
2022-02-12 12:00:00+00:00,CEMA,buy,0.7724831700325012,,,
2022-02-13 16:00:00+00:00,CEMA,sell,0.8108927011489868,,,
2022-02-14 13:00:00+00:00,CEMA,buy,0.802129864692688,,,
2022-02-14 19:00:00+00:00,CEMA,sell,0.7884182333946228,,,
2022-02-14 22:00:00+00:00,CEMA,buy,0.8029367923736572,,,
2022-02-15 17:00:00+00:00,CEMA,sell,0.8217930197715759,,,
2022-02-15 21:00:00+00:00,CEMA,buy,0.8285550475120544,,,
2022-02-16 09:00:00+00:00,CEMA,sell,0.8305341601371765,,,
2022-02-16 20:00:00+00:00,CEMA,buy,0.8424139022827148,,,
2022-02-17 04:00:00+00:00,CEMA,sell,0.8236129283905029,,,
2022-02-18 05:00:00+00:00,CEMA,buy,0.7890922427177429,,,
2022-02-18 12:00:00+00:00,CEMA,sell,0.7823799848556519,,,
2022-02-18 23:00:00+00:00,CEMA,buy,0.7858487367630005,,,
2022-02-19 10:00:00+00:00,CEMA,sell,0.7821025252342224,,,
2022-02-19 13:00:00+00:00,CEMA,buy,0.8242359757423401,,,
2022-02-20 01:00:00+00:00,CEMA,sell,0.7989656329154968,,,
2022-02-21 01:00:00+00:00,CEMA,buy,0.7962679266929626,,,
2022-02-21 10:00:00+00:00,CEMA,sell,0.7811939120292664,,,
2022-02-22 12:00:00+00:00,CEMA,buy,0.7032897472381592,,,
2022-02-23 17:00:00+00:00,CEMA,sell,0.7191900014877319,,,
2022-02-24 16:00:00+00:00,CEMA,buy,0.6590244174003601,,,
2022-02-26 12:00:00+00:00,CEMA,sell,0.7579452991485596,,,
2022-02-27 09:00:00+00:00,CEMA,buy,0.7478212118148804,,,
2022-02-27 17:00:00+00:00,CEMA,sell,0.7447202205657959,,,
2022-02-28 10:00:00+00:00,CEMA,buy,0.7253588438034058,,,
2022-03-01 09:00:00+00:00,CEMA,sell,0.7664912343025208,,,
2022-03-01 13:00:00+00:00,CEMA,buy,0.7955372929573059,,,
2022-03-02 01:00:00+00:00,CEMA,sell,0.7734383344650269,,,
2022-03-02 22:00:00+00:00,CEMA,buy,0.7702785134315491,,,
2022-03-03 01:00:00+00:00,CEMA,sell,0.7655259370803833,,,
2022-03-03 13:00:00+00:00,CEMA,buy,0.772767961025238,,,
2022-03-03 15:00:00+00:00,CEMA,sell,0.751183271408081,,,
2022-03-04 11:00:00+00:00,CEMA,buy,0.7445704340934753,,,
2022-03-04 14:00:00+00:00,CEMA,sell,0.731924831867218,,,
2022-03-05 06:00:00+00:00,CEMA,buy,0.7204387784004211,,,
2022-03-06 03:00:00+00:00,CEMA,sell,0.7462175488471985,,,
2022-03-06 22:00:00+00:00,CEMA,buy,0.7420024871826172,,,
2022-03-06 23:00:00+00:00,CEMA,sell,0.7260209918022156,,,
2022-03-07 06:00:00+00:00,CEMA,buy,0.7472389340400696,,,
2022-03-07 18:00:00+00:00,CEMA,sell,0.7272112965583801,,,
2022-03-08 10:00:00+00:00,CEMA,buy,0.7275336980819702,,,
2022-03-08 14:00:00+00:00,CEMA,sell,0.7227030992507935,,,
2022-03-09 01:00:00+00:00,CEMA,buy,0.72776859998703,,,
2022-03-10 03:00:00+00:00,CEMA,sell,0.759620726108551,,,
2022-03-10 20:00:00+00:00,CEMA,buy,0.7443366646766663,,,
2022-03-11 02:00:00+00:00,CEMA,sell,0.7328979969024658,,,
2022-03-11 04:00:00+00:00,CEMA,buy,0.7375566363334656,,,
2022-03-11 14:00:00+00:00,CEMA,sell,0.7366541028022766,,,
2022-03-11 20:00:00+00:00,CEMA,buy,0.7634138464927673,,,
2022-03-12 09:00:00+00:00,CEMA,sell,0.7911112904548645,,,
2022-03-12 21:00:00+00:00,CEMA,buy,0.7912638187408447,,,
2022-03-13 00:00:00+00:00,CEMA,sell,0.7891336679458618,,,
2022-03-13 03:00:00+00:00,CEMA,buy,0.7949205636978149,,,
2022-03-13 12:00:00+00:00,CEMA,sell,0.7821173667907715,,,
2022-03-14 09:00:00+00:00,CEMA,buy,0.7750235795974731,,,
2022-03-14 13:00:00+00:00,CEMA,sell,0.7622879147529602,,,
2022-03-14 22:00:00+00:00,CEMA,buy,0.7735499739646912,,,
2022-03-15 04:00:00+00:00,CEMA,sell,0.7606348991394043,,,
2022-03-15 15:00:00+00:00,CEMA,buy,0.7640737295150757,,,
2022-03-16 04:00:00+00:00,CEMA,sell,0.7614187002182007,,,
2022-03-16 08:00:00+00:00,CEMA,buy,0.7717121839523315,,,
2022-03-17 09:00:00+00:00,CEMA,sell,0.7862590551376343,,,
2022-03-17 12:00:00+00:00,CEMA,buy,0.7939202189445496,,,
2022-03-18 01:00:00+00:00,CEMA,sell,0.7902088165283203,,,
2022-03-18 16:00:00+00:00,CEMA,buy,0.7920461893081665,,,
2022-03-20 00:00:00+00:00,CEMA,sell,0.813267171382904,,,
2022-03-20 23:00:00+00:00,CEMA,buy,0.8060498237609863,,,
2022-03-21 02:00:00+00:00,CEMA,sell,0.7938905954360962,,,
2022-03-21 06:00:00+00:00,CEMA,buy,0.8077998161315918,,,
2022-03-22 13:00:00+00:00,CEMA,sell,0.844473659992218,,,
2022-03-23 00:00:00+00:00,CEMA,buy,0.8426398634910583,,,
2022-03-23 01:00:00+00:00,CEMA,sell,0.8360759019851685,,,
2022-03-23 14:00:00+00:00,CEMA,buy,0.8338205814361572,,,
2022-03-24 12:00:00+00:00,CEMA,sell,0.8311794996261597,,,
2022-03-24 15:00:00+00:00,CEMA,buy,0.8433395028114319,,,
2022-03-25 01:00:00+00:00,CEMA,sell,0.8419124484062195,,,
2022-03-25 13:00:00+00:00,CEMA,buy,0.8415708541870117,,,
2022-03-25 15:00:00+00:00,CEMA,sell,0.8310646414756775,,,
2022-03-26 06:00:00+00:00,CEMA,buy,0.8281639218330383,,,
2022-03-26 14:00:00+00:00,CEMA,sell,0.8276968002319336,,,
2022-03-26 16:00:00+00:00,CEMA,buy,0.8322421908378601,,,
2022-03-27 12:00:00+00:00,CEMA,sell,0.8331474661827087,,,
2022-03-27 16:00:00+00:00,CEMA,buy,0.8421594500541687,,,
2022-03-28 23:00:00+00:00,CEMA,sell,0.8646056056022644,,,
2022-03-29 12:00:00+00:00,CEMA,buy,0.8790576457977295,,,
2022-03-29 13:00:00+00:00,CEMA,sell,0.8741543889045715,,,
2022-03-30 05:00:00+00:00,CEMA,buy,0.8637268543243408,,,
2022-03-30 20:00:00+00:00,CEMA,sell,0.8600245118141174,,,
2022-03-31 01:00:00+00:00,CEMA,buy,0.8684952259063721,,,
2022-03-31 13:00:00+00:00,CEMA,sell,0.8553034663200378,,,
2022-04-01 06:00:00+00:00,CEMA,buy,0.8241305947303772,,,
2022-04-01 11:00:00+00:00,CEMA,sell,0.8148080110549927,,,
2022-04-01 14:00:00+00:00,CEMA,buy,0.8271718621253967,,,
2022-04-02 15:00:00+00:00,CEMA,sell,0.8313774466514587,,,
2022-04-03 06:00:00+00:00,CEMA,buy,0.8325380682945251,,,
2022-04-04 01:00:00+00:00,CEMA,sell,0.8328231573104858,,,
2022-04-04 22:00:00+00:00,CEMA,buy,0.8288151621818542,,,
2022-04-05 07:00:00+00:00,CEMA,sell,0.823849618434906,,,
2022-04-05 10:00:00+00:00,CEMA,buy,0.827442467212677,,,
2022-04-05 14:00:00+00:00,CEMA,sell,0.822044312953949,,,
2022-04-07 05:00:00+00:00,CEMA,buy,0.774222731590271,,,
2022-04-08 08:00:00+00:00,CEMA,sell,0.7858458757400513,,,
2022-04-09 05:00:00+00:00,CEMA,buy,0.7657663226127625,,,
2022-04-09 15:00:00+00:00,CEMA,sell,0.7552511096000671,,,
2022-04-09 20:00:00+00:00,CEMA,buy,0.7606539130210876,,,
2022-04-10 08:00:00+00:00,CEMA,sell,0.7608745694160461,,,
2022-04-10 17:00:00+00:00,CEMA,buy,0.7669916749000549,,,
2022-04-10 23:00:00+00:00,CEMA,sell,0.7571412324905396,,,
2022-04-12 05:00:00+00:00,CEMA,buy,0.7089294195175171,,,
2022-04-12 18:00:00+00:00,CEMA,sell,0.6994631290435791,,,
2022-04-12 23:00:00+00:00,CEMA,buy,0.7168370485305786,,,
2022-04-13 11:00:00+00:00,CEMA,sell,0.7092406749725342,,,
2022-04-13 15:00:00+00:00,CEMA,buy,0.7222505807876587,,,
2022-04-14 10:00:00+00:00,CEMA,sell,0.7247877717018127,,,
2022-04-14 23:00:00+00:00,CEMA,buy,0.7260196805000305,,,
2022-04-15 19:00:00+00:00,CEMA,sell,0.7735912203788757,,,
2022-04-15 20:00:00+00:00,CEMA,buy,0.7814300656318665,,,
2022-04-16 07:00:00+00:00,CEMA,sell,0.7786024212837219,,,
2022-04-16 22:00:00+00:00,CEMA,buy,0.7797994613647461,,,
2022-04-17 16:00:00+00:00,CEMA,sell,0.7767252922058105,,,
2022-04-18 14:00:00+00:00,CEMA,buy,0.745771586894989,,,
2022-04-19 09:00:00+00:00,CEMA,sell,0.7661319375038147,,,
2022-04-19 12:00:00+00:00,CEMA,buy,0.7693794369697571,,,
2022-04-20 00:00:00+00:00,CEMA,sell,0.7676478028297424,,,
2022-04-20 12:00:00+00:00,CEMA,buy,0.7703762054443359,,,
2022-04-20 13:00:00+00:00,CEMA,sell,0.7601920962333679,,,
2022-04-21 11:00:00+00:00,CEMA,buy,0.7554084658622742,,,
2022-04-21 19:00:00+00:00,CEMA,sell,0.7495801448822021,,,
2022-04-22 19:00:00+00:00,CEMA,buy,0.7272624373435974,,,
2022-04-22 21:00:00+00:00,CEMA,sell,0.7222411632537842,,,
2022-04-23 16:00:00+00:00,CEMA,buy,0.7150521278381348,,,
2022-04-23 18:00:00+00:00,CEMA,sell,0.7122353315353394,,,
2022-04-24 07:00:00+00:00,CEMA,buy,0.7109771966934204,,,
2022-04-24 10:00:00+00:00,CEMA,sell,0.7087900638580322,,,
2022-04-25 15:00:00+00:00,CEMA,buy,0.6681288480758667,,,
2022-04-26 07:00:00+00:00,CEMA,sell,0.686954140663147,,,
2022-04-27 05:00:00+00:00,CEMA,buy,0.6544642448425293,,,
2022-04-27 11:00:00+00:00,CEMA,sell,0.6462829113006592,,,
2022-04-27 23:00:00+00:00,CEMA,buy,0.6523815393447876,,,
2022-04-28 06:00:00+00:00,CEMA,sell,0.6485046744346619,,,
2022-04-28 08:00:00+00:00,CEMA,buy,0.6545944809913635,,,
2022-04-28 12:00:00+00:00,CEMA,sell,0.6467798352241516,,,
2022-04-30 02:00:00+00:00,CEMA,buy,0.6191271543502808,,,
2022-04-30 14:00:00+00:00,CEMA,sell,0.6136002540588379,,,
2022-05-01 14:00:00+00:00,CEMA,buy,0.5926920771598816,,,
2022-05-02 11:00:00+00:00,CEMA,sell,0.6104265451431274,,,
2022-05-02 22:00:00+00:00,CEMA,buy,0.6148526072502136,,,
2022-05-03 10:00:00+00:00,CEMA,sell,0.6168333292007446,,,
2022-05-03 11:00:00+00:00,CEMA,buy,0.6203839182853699,,,
2022-05-03 13:00:00+00:00,CEMA,sell,0.6167271137237549,,,
2022-05-04 02:00:00+00:00,CEMA,buy,0.613876223564148,,,
2022-05-05 08:00:00+00:00,CEMA,sell,0.6376050114631653,,,
2022-05-06 03:00:00+00:00,CEMA,buy,0.6089653968811035,,,
2022-05-06 11:00:00+00:00,CEMA,sell,0.5974183082580566,,,
2022-05-06 22:00:00+00:00,CEMA,buy,0.6032780408859253,,,
2022-05-07 04:00:00+00:00,CEMA,sell,0.5954577922821045,,,
2022-05-07 11:00:00+00:00,CEMA,buy,0.5986407399177551,,,
2022-05-07 12:00:00+00:00,CEMA,sell,0.5971248149871826,,,
2022-05-08 21:00:00+00:00,CEMA,buy,0.5745936632156372,,,
2022-05-08 23:00:00+00:00,CEMA,sell,0.5663617253303528,,,
2022-05-10 05:00:00+00:00,CEMA,buy,0.5185538530349731,,,
2022-05-10 16:00:00+00:00,CEMA,sell,0.513752281665802,,,
2022-05-10 19:00:00+00:00,CEMA,buy,0.5204502940177917,,,
2022-05-10 20:00:00+00:00,CEMA,sell,0.5130981802940369,,,
2022-05-11 03:00:00+00:00,CEMA,buy,0.5158029198646545,,,
2022-05-11 06:00:00+00:00,CEMA,sell,0.5022933483123779,,,
2022-05-12 15:00:00+00:00,CEMA,buy,0.3889031708240509,,,
2022-05-12 22:00:00+00:00,CEMA,sell,0.3765711486339569,,,
2022-05-13 00:00:00+00:00,CEMA,buy,0.39115774631500244,,,
2022-05-13 16:00:00+00:00,CEMA,sell,0.42736008763313293,,,
2022-05-14 03:00:00+00:00,CEMA,buy,0.4346506893634796,,,
2022-05-14 04:00:00+00:00,CEMA,sell,0.4253917336463928,,,
2022-05-14 21:00:00+00:00,CEMA,buy,0.4231226146221161,,,
2022-05-16 04:00:00+00:00,CEMA,sell,0.4307298958301544,,,
2022-05-16 19:00:00+00:00,CEMA,buy,0.4232112169265747,,,
2022-05-17 15:00:00+00:00,CEMA,sell,0.4265155494213104,,,
2022-05-17 21:00:00+00:00,CEMA,buy,0.43757787346839905,,,
2022-05-18 04:00:00+00:00,CEMA,sell,0.42818182706832886,,,
2022-05-19 13:00:00+00:00,CEMA,buy,0.4109879434108734,,,
2022-05-20 12:00:00+00:00,CEMA,sell,0.4230165481567383,,,
2022-05-21 06:00:00+00:00,CEMA,buy,0.4114393889904022,,,
2022-05-22 03:00:00+00:00,CEMA,sell,0.4131712019443512,,,
2022-05-22 09:00:00+00:00,CEMA,buy,0.4203318655490875,,,
2022-05-23 17:00:00+00:00,CEMA,sell,0.4196164608001709,,,
2022-05-24 20:00:00+00:00,CEMA,buy,0.4059063792228699,,,
2022-05-25 08:00:00+00:00,CEMA,sell,0.4042975902557373,,,
2022-05-25 18:00:00+00:00,CEMA,buy,0.4061475992202759,,,
2022-05-26 05:00:00+00:00,CEMA,sell,0.40286463499069214,,,
2022-05-26 17:00:00+00:00,CEMA,buy,0.39600056409835815,,,
2022-05-27 00:00:00+00:00,CEMA,sell,0.3905065059661865,,,
2022-05-27 04:00:00+00:00,CEMA,buy,0.39534053206443787,,,
2022-05-27 10:00:00+00:00,CEMA,sell,0.38957199454307556,,,
2022-05-28 04:00:00+00:00,CEMA,buy,0.38659805059432983,,,
2022-05-28 10:00:00+00:00,CEMA,sell,0.3837306499481201,,,
2022-05-28 14:00:00+00:00,CEMA,buy,0.38539761304855347,,,
2022-05-28 21:00:00+00:00,CEMA,sell,0.38462191820144653,,,
2022-05-28 23:00:00+00:00,CEMA,buy,0.38630643486976624,,,
2022-05-29 01:00:00+00:00,CEMA,sell,0.38468068838119507,,,
2022-05-29 10:00:00+00:00,CEMA,buy,0.38530924916267395,,,
2022-05-31 13:00:00+00:00,CEMA,sell,0.41159161925315857,,,
2022-05-31 21:00:00+00:00,CEMA,buy,0.4201467037200928,,,
2022-06-01 05:00:00+00:00,CEMA,sell,0.4192444086074829,,,
2022-06-02 11:00:00+00:00,CEMA,buy,0.39929625391960144,,,
2022-06-03 08:00:00+00:00,CEMA,sell,0.4018932580947876,,,
2022-06-04 00:00:00+00:00,CEMA,buy,0.3899504542350769,,,
2022-06-04 01:00:00+00:00,CEMA,sell,0.38822096586227417,,,
2022-06-04 05:00:00+00:00,CEMA,buy,0.3909966051578522,,,
2022-06-04 12:00:00+00:00,CEMA,sell,0.3878338038921356,,,
2022-06-04 15:00:00+00:00,CEMA,buy,0.3911174535751343,,,
2022-06-06 15:00:00+00:00,CEMA,sell,0.40143683552742004,,,
2022-06-06 23:00:00+00:00,CEMA,buy,0.4030367434024811,,,
2022-06-07 00:00:00+00:00,CEMA,sell,0.3913235664367676,,,
2022-06-07 14:00:00+00:00,CEMA,buy,0.3944586515426636,,,
2022-06-08 04:00:00+00:00,CEMA,sell,0.3992774486541748,,,
2022-06-08 15:00:00+00:00,CEMA,buy,0.40230506658554077,,,
2022-06-09 02:00:00+00:00,CEMA,sell,0.40018075704574585,,,
2022-06-09 05:00:00+00:00,CEMA,buy,0.40252333879470825,,,
2022-06-09 12:00:00+00:00,CEMA,sell,0.3990037143230438,,,
2022-06-09 18:00:00+00:00,CEMA,buy,0.4008302688598633,,,
2022-06-09 19:00:00+00:00,CEMA,sell,0.4001533091068268,,,
2022-06-10 03:00:00+00:00,CEMA,buy,0.4026985764503479,,,
2022-06-10 11:00:00+00:00,CEMA,sell,0.40117156505584717,,,
2022-06-11 04:00:00+00:00,CEMA,buy,0.3861399292945862,,,
2022-06-11 10:00:00+00:00,CEMA,sell,0.3807770311832428,,,
2022-06-12 14:00:00+00:00,CEMA,buy,0.35701802372932434,,,
2022-06-12 22:00:00+00:00,CEMA,sell,0.34938326478004456,,,
2022-06-13 19:00:00+00:00,CEMA,buy,0.31934523582458496,,,
2022-06-13 22:00:00+00:00,CEMA,sell,0.30821606516838074,,,
2022-06-14 05:00:00+00:00,CEMA,buy,0.32127082347869873,,,
2022-06-14 12:00:00+00:00,CEMA,sell,0.31399622559547424,,,
2022-06-14 14:00:00+00:00,CEMA,buy,0.3165941536426544,,,
2022-06-14 21:00:00+00:00,CEMA,sell,0.31212252378463745,,,
2022-06-14 23:00:00+00:00,CEMA,buy,0.3221568167209625,,,
2022-06-15 04:00:00+00:00,CEMA,sell,0.30742180347442627,,,
2022-06-15 13:00:00+00:00,CEMA,buy,0.3140123188495636,,,
2022-06-16 07:00:00+00:00,CEMA,sell,0.32532134652137756,,,
2022-06-17 01:00:00+00:00,CEMA,buy,0.3288974165916443,,,
2022-06-17 12:00:00+00:00,CEMA,sell,0.3231414556503296,,,
2022-06-18 23:00:00+00:00,CEMA,buy,0.30803439021110535,,,
2022-06-19 03:00:00+00:00,CEMA,sell,0.3011585772037506,,,
2022-06-19 08:00:00+00:00,CEMA,buy,0.30629876255989075,,,
2022-06-20 03:00:00+00:00,CEMA,sell,0.3188043534755707,,,
2022-06-20 10:00:00+00:00,CEMA,buy,0.324764221906662,,,
2022-06-20 18:00:00+00:00,CEMA,sell,0.3187127709388733,,,
2022-06-20 23:00:00+00:00,CEMA,buy,0.32375064492225647,,,
2022-06-21 20:00:00+00:00,CEMA,sell,0.32775232195854187,,,
2022-06-22 14:00:00+00:00,CEMA,buy,0.3257598578929901,,,
2022-06-22 17:00:00+00:00,CEMA,sell,0.32207679748535156,,,
2022-06-22 21:00:00+00:00,CEMA,buy,0.32330965995788574,,,
2022-06-23 15:00:00+00:00,CEMA,sell,0.3250220715999603,,,
2022-06-23 19:00:00+00:00,CEMA,buy,0.3323819935321808,,,
2022-06-24 15:00:00+00:00,CEMA,sell,0.36207225918769836,,,
2022-06-24 22:00:00+00:00,CEMA,buy,0.3676050305366516,,,
2022-06-25 12:00:00+00:00,CEMA,sell,0.36010363698005676,,,
2022-06-25 22:00:00+00:00,CEMA,buy,0.36614078283309937,,,
2022-06-26 15:00:00+00:00,CEMA,sell,0.3657492697238922,,,
2022-06-27 04:00:00+00:00,CEMA,buy,0.36355796456336975,,,
2022-06-27 05:00:00+00:00,CEMA,sell,0.36076876521110535,,,
2022-06-27 09:00:00+00:00,CEMA,buy,0.36469411849975586,,,
2022-06-27 12:00:00+00:00,CEMA,sell,0.360457181930542,,,
2022-06-28 08:00:00+00:00,CEMA,buy,0.352946400642395,,,
2022-06-28 14:00:00+00:00,CEMA,sell,0.34714433550834656,,,
2022-06-29 20:00:00+00:00,CEMA,buy,0.3315000832080841,,,
2022-06-30 01:00:00+00:00,CEMA,sell,0.3251743018627167,,,
2022-06-30 18:00:00+00:00,CEMA,buy,0.3265659511089325,,,
2022-07-01 05:00:00+00:00,CEMA,sell,0.31486135721206665,,,
2022-07-01 21:00:00+00:00,CEMA,buy,0.3144015967845917,,,
2022-07-02 00:00:00+00:00,CEMA,sell,0.3127669095993042,,,
2022-07-02 12:00:00+00:00,CEMA,buy,0.3143000900745392,,,
2022-07-03 02:00:00+00:00,CEMA,sell,0.31449463963508606,,,
2022-07-03 16:00:00+00:00,CEMA,buy,0.314935564994812,,,
2022-07-04 05:00:00+00:00,CEMA,sell,0.3193901777267456,,,
2022-07-04 11:00:00+00:00,CEMA,buy,0.32219529151916504,,,
2022-07-05 08:00:00+00:00,CEMA,sell,0.32250696420669556,,,
2022-07-05 19:00:00+00:00,CEMA,buy,0.3255564272403717,,,
2022-07-06 05:00:00+00:00,CEMA,sell,0.3234782814979553,,,
2022-07-06 10:00:00+00:00,CEMA,buy,0.32418638467788696,,,
2022-07-06 12:00:00+00:00,CEMA,sell,0.3222188651561737,,,
2022-07-06 16:00:00+00:00,CEMA,buy,0.32526567578315735,,,
2022-07-07 11:00:00+00:00,CEMA,sell,0.32882028818130493,,,
2022-07-07 14:00:00+00:00,CEMA,buy,0.3345683217048645,,,
2022-07-08 10:00:00+00:00,CEMA,sell,0.3435494303703308,,,
2022-07-08 22:00:00+00:00,CEMA,buy,0.34277480840682983,,,
2022-07-09 00:00:00+00:00,CEMA,sell,0.34134724736213684,,,
2022-07-09 04:00:00+00:00,CEMA,buy,0.34240859746932983,,,
2022-07-09 13:00:00+00:00,CEMA,sell,0.3426598310470581,,,
2022-07-09 15:00:00+00:00,CEMA,buy,0.34407857060432434,,,
2022-07-10 00:00:00+00:00,CEMA,sell,0.34223267436027527,,,
2022-07-11 10:00:00+00:00,CEMA,buy,0.32422223687171936,,,
2022-07-11 15:00:00+00:00,CEMA,sell,0.32353895902633667,,,
2022-07-11 18:00:00+00:00,CEMA,buy,0.3248366713523865,,,
2022-07-11 20:00:00+00:00,CEMA,sell,0.3232855498790741,,,
2022-07-12 16:00:00+00:00,CEMA,buy,0.31413739919662476,,,
2022-07-12 19:00:00+00:00,CEMA,sell,0.3101188540458679,,,
2022-07-13 02:00:00+00:00,CEMA,buy,0.31392958760261536,,,
2022-07-13 12:00:00+00:00,CEMA,sell,0.3065493106842041,,,
2022-07-13 18:00:00+00:00,CEMA,buy,0.3176085948944092,,,
2022-07-14 08:00:00+00:00,CEMA,sell,0.31651389598846436,,,
2022-07-14 16:00:00+00:00,CEMA,buy,0.319490522146225,,,
2022-07-15 12:00:00+00:00,CEMA,sell,0.33608099818229675,,,
2022-07-15 22:00:00+00:00,CEMA,buy,0.3367568254470825,,,
2022-07-17 11:00:00+00:00,CEMA,sell,0.35109108686447144,,,
2022-07-18 01:00:00+00:00,CEMA,buy,0.35474497079849243,,,
2022-07-18 17:00:00+00:00,CEMA,sell,0.35892096161842346,,,
2022-07-19 00:00:00+00:00,CEMA,buy,0.36404839158058167,,,
2022-07-19 03:00:00+00:00,CEMA,sell,0.35620352625846863,,,
2022-07-19 11:00:00+00:00,CEMA,buy,0.3604949414730072,,,
2022-07-20 10:00:00+00:00,CEMA,sell,0.3741590082645416,,,
2022-07-20 15:00:00+00:00,CEMA,buy,0.3768320381641388,,,
2022-07-20 16:00:00+00:00,CEMA,sell,0.36970844864845276,,,
2022-07-21 17:00:00+00:00,CEMA,buy,0.35967114567756653,,,
2022-07-22 07:00:00+00:00,CEMA,sell,0.36318403482437134,,,
2022-07-22 08:00:00+00:00,CEMA,buy,0.3653751611709595,,,
2022-07-22 15:00:00+00:00,CEMA,sell,0.3608025908470154,,,
2022-07-23 04:00:00+00:00,CEMA,buy,0.3622789978981018,,,
2022-07-23 09:00:00+00:00,CEMA,sell,0.3584837019443512,,,
2022-07-23 22:00:00+00:00,CEMA,buy,0.35978391766548157,,,
2022-07-24 22:00:00+00:00,CEMA,sell,0.3604739010334015,,,
2022-07-26 21:00:00+00:00,CEMA,buy,0.3320608139038086,,,
2022-07-27 13:00:00+00:00,CEMA,endingsell,0.33972370624542236,,,
2021-01-06 13:00:00+00:00,Vader,buy,0.2320457398891449,1,66565120,0.9674
2021-02-01 15:00:00+00:00,Vader,sell,0.4223532974720001,1,0,-0.8343
2021-02-12 07:00:00+00:00,Vader,buy,0.554233729839325,1,3593216,0.4019
2021-03-04 05:00:00+00:00,Vader,sell,0.44566431641578674,1,60283392,-0.4003
2021-03-07 10:00:00+00:00,Vader,buy,0.46743354201316833,2,23596544,0.1039
2021-03-23 19:00:00+00:00,Vader,sell,0.5539863705635071,39,0,-0.4215
2021-03-24 10:00:00+00:00,Vader,buy,0.5547944903373718,614,0,0.4939
2021-05-12 22:00:00+00:00,Vader,sell,1.394086480140686,31,599613440,-0.28645
2021-05-17 10:00:00+00:00,Vader,buy,1.4898972511291504,5,219181056,0.5093
2021-05-19 02:00:00+00:00,Vader,sell,1.4893923997879028,760,708449280,-0.2969
2021-05-31 06:00:00+00:00,Vader,buy,0.9583451151847839,13,381068288,0.128
2021-06-03 21:00:00+00:00,Vader,sell,1.0364793539047241,1,0,-0.7717
2021-06-24 12:00:00+00:00,Vader,buy,0.656278669834137,3,7803904,0.296
2021-08-28 21:00:00+00:00,Vader,sell,1.149558663368225,4,0,-0.6103
2021-09-01 19:00:00+00:00,Vader,buy,1.2045315504074097,3,0,0.4404
2021-09-16 19:00:00+00:00,Vader,sell,1.0949721336364746,4,0,-0.1531
2021-10-09 20:00:00+00:00,Vader,buy,1.1636749505996704,1,98309632,0.8282
2021-10-24 15:00:00+00:00,Vader,sell,1.0777825117111206,1,0,-0.6553
2021-10-26 21:00:00+00:00,Vader,buy,1.1286146640777588,5,200593664,0.5267
2021-11-12 06:00:00+00:00,Vader,sell,1.2027074098587036,1,0,-0.7412
2021-11-13 17:00:00+00:00,Vader,buy,1.1990758180618286,2,0,0.0929
2021-12-12 02:00:00+00:00,Vader,sell,0.8286885023117065,7,0,-0.4003
2022-01-09 19:00:00+00:00,Vader,buy,0.7644854187965393,696,0,0.9778
2022-01-21 21:00:00+00:00,Vader,sell,0.6339551210403442,1,201335552,-0.0516
2022-02-02 00:00:00+00:00,Vader,buy,0.6283739805221558,54,0,0.6808
2022-03-08 16:00:00+00:00,Vader,sell,0.7170107364654541,3,0,-0.4814
2022-03-11 23:00:00+00:00,Vader,buy,0.8020380139350891,3,242855424,0.3612
2022-04-11 12:00:00+00:00,Vader,sell,0.7139900326728821,5,61623296,-0.7639
2022-06-06 04:00:00+00:00,Vader,buy,0.4034110903739929,1,20259136,0.743
2022-07-20 14:00:00+00:00,Vader,sell,0.37574833631515503,6,1079168,-0.3612
2022-07-27 13:00:00+00:00,Vader,buy,0.33972370624542236,653,0,0.8313
2022-07-27 13:00:00+00:00,Vader,endingsell,0.33972370624542236,653,0,0.8313
